category,informationType,informativeness,sharingOwner,sharingOthers,age,gender,frequency,platform,extraversion,agreeableness,conscientiousness,neuroticism,openness,imagePath,originalDataset,bbox,DIPACategory,nationality,width,height,AnnotatorId,ObjectId,ObjectAnnotatorId
4,"[0, 1, 0, 0, 0, 0]",2,"[0, 0, 1, 0, 0, 0, 0]","[0, 0, 1, 0, 0, 0, 0]",58,0,0,0,5,5,7,9,7,11197.jpg,0,"[[194, 152, 3, 2], [462, 171, 9, 4]]",Vehicle Plate,0,640,427,annotator15,11197_license_plate_0-1,11197_license_plate_0-1_annotator15
1,"[0, 1, 0, 1, 0, 0]",3,"[0, 0, 0, 0, 1, 0, 0]","[0, 0, 0, 0, 1, 0, 0]",58,0,0,0,5,5,7,9,7,4be14bf34cb9607f.jpg,1,"[[132, 108, 891, 572]]",Others,0,1024,681,annotator15,4be14bf34cb9607f_Person_0,4be14bf34cb9607f_Person_0_annotator15
1,"[0, 1, 0, 1, 0, 0]",3,"[0, 0, 0, 0, 1, 0, 0]","[0, 0, 0, 0, 1, 0, 0]",58,0,0,0,5,5,7,9,7,3454f5c299102bea.jpg,1,"[[555, 406, 27, 41], [726, 499, 77, 65], [809, 474, 22, 23], [818, 498, 40, 27], [843, 526, 56, 48], [892, 476, 33, 30], [925, 483, 22, 30], [969, 501, 49, 34], [999, 409, 23, 55]]",Others,0,1024,576,annotator15,3454f5c299102bea_Person_1-2-3-4-5-6-7-8-9,3454f5c299102bea_Person_1-2-3-4-5-6-7-8-9_annotator15
3,"[1, 0, 0, 1, 1, 0]",0,"[1, 0, 0, 0, 0, 0, 0]","[1, 0, 0, 0, 0, 0, 0]",58,0,0,0,5,5,7,9,7,0a0b75fa124a65c3.jpg,1,"[[10, 60, 898, 637]]",Others,0,1024,768,annotator15,0a0b75fa124a65c3_identity_0,0a0b75fa124a65c3_identity_0_annotator15
5,"[1, 1, 1, 0, 1, 0]",0,"[0, 1, 0, 0, 0, 0, 0]","[0, 1, 0, 0, 0, 0, 0]",58,0,0,0,5,5,7,9,7,107339.jpg,0,"[[6, 71, 134, 56], [136, 71, 103, 54]]",Home interior,0,240,180,annotator15,107339_sofa_0-1,107339_sofa_0-1_annotator15
