category,informationType,informativeness,sharingOwner,sharingOthers,age,gender,frequency,platform,extraversion,agreeableness,conscientiousness,neuroticism,openness,imagePath,originalDataset,bbox,DIPACategory,nationality,width,height,AnnotatorId,ObjectId,ObjectAnnotatorId
6,"[0, 0, 0, 0, 1, 0]",2,"[0, 1, 0, 0, 0, 0, 0]","[1, 0, 0, 0, 0, 0, 0]",37,0,2,0,7,6,6,9,8,182903.jpg,0,"[[342, 185, 18, 15], [291, 167, 27, 58]]",Printed Material,0,500,375,annotator250,182903_tag_0-1,182903_tag_0-1_annotator250
2,"[0, 0, 0, 1, 0, 0]",4,"[0, 1, 0, 0, 0, 0, 0]","[1, 0, 0, 0, 0, 0, 0]",37,0,2,0,7,6,6,9,8,218205.jpg,0,"[[136, 1, 42, 51]]",Printed Material,0,640,480,annotator250,218205_calendar_20,218205_calendar_20_annotator250
1,"[0, 1, 0, 0, 0, 0]",2,"[0, 0, 0, 1, 0, 0, 0]","[1, 0, 0, 0, 0, 0, 0]",37,0,2,0,7,6,6,9,8,170558.jpg,0,"[[335, 236, 62, 128]]",Others,0,481,640,annotator250,170558_Object 0_6,170558_Object 0_6_annotator250
3,"[0, 0, 0, 0, 1, 0]",2,"[0, 1, 0, 0, 0, 0, 0]","[1, 0, 0, 0, 0, 0, 0]",37,0,2,0,7,6,6,9,8,189806.jpg,0,"[[288, 239, 20, 37]]",Others,0,500,400,annotator250,189806_choker_5,189806_choker_5_annotator250
