category,informationType,informativeness,sharingOwner,sharingOthers,age,gender,frequency,platform,extraversion,agreeableness,conscientiousness,neuroticism,openness,imagePath,originalDataset,bbox,DIPACategory,nationality,width,height,AnnotatorId,ObjectId,ObjectAnnotatorId
2,"[0, 0, 0, 0, 0, 1]",4,"[0, 1, 0, 0, 0, 0, 0]","[0, 1, 0, 0, 0, 0, 0]",42,0,2,0,4,9,8,4,8,13729.jpg,0,"[[537, 331, 58, 69]]",Others,0,640,480,annotator349,13729_basket_0,13729_basket_0_annotator349
8,"[0, 1, 1, 0, 0, 0]",4,"[0, 1, 0, 0, 0, 0, 0]","[0, 0, 1, 0, 0, 0, 0]",42,0,2,0,4,9,8,4,8,337490.jpg,0,"[[51, 97, 97, 93], [147, 88, 84, 138]]",Others,0,500,375,annotator349,337490_poster_1-2,337490_poster_1-2_annotator349
4,"[0, 1, 0, 0, 0, 0]",2,"[0, 0, 0, 1, 0, 0, 0]","[0, 0, 0, 0, 1, 0, 0]",42,0,2,0,4,9,8,4,8,139150.jpg,0,"[[0, 213, 617, 165]]",Others,0,640,427,annotator349,139150_boat_0,139150_boat_0_annotator349
9,"[1, 1, 0, 1, 0, 0]",5,"[1, 0, 0, 0, 0, 0, 0]","[1, 0, 0, 0, 0, 0, 0]",42,0,2,0,4,9,8,4,8,14038.jpg,0,"[[15, 152, 129, 274]]",Others,0,640,427,annotator349,14038_refrigerator_35,14038_refrigerator_35_annotator349
1,"[0, 0, 0, 0, 0, 1]",1,"[0, 1, 0, 0, 0, 0, 0]","[1, 0, 0, 0, 0, 0, 0]",42,0,2,0,4,9,8,4,8,334941.jpg,0,"[[157, 135, 136, 159]]",Others,0,359,640,annotator349,334941_Object 0_1,334941_Object 0_1_annotator349
6,"[0, 1, 0, 0, 0, 0]",2,"[0, 0, 0, 0, 1, 1, 0]","[0, 0, 0, 0, 1, 1, 0]",42,0,2,0,4,9,8,4,8,173057.jpg,0,"[[161, 0, 145, 518]]",Others,0,480,640,annotator349,173057_clock_tower_0,173057_clock_tower_0_annotator349
