category,informationType,informativeness,sharingOwner,sharingOthers,age,gender,frequency,platform,extraversion,agreeableness,conscientiousness,neuroticism,openness,imagePath,originalDataset,bbox,DIPACategory,nationality,width,height,AnnotatorId,ObjectId,ObjectAnnotatorId
4,"[1, 1, 0, 0, 0, 0]",4,"[1, 0, 0, 0, 0, 0, 0]","[1, 0, 0, 0, 0, 0, 0]",58,0,1,0,4,8,9,4,8,13659.jpg,0,"[[96, 251, 56, 74], [349, 96, 25, 20], [195, 78, 39, 37], [51, 345, 78, 97]]",Screen,0,640,480,annotator310,13659_monitor_(computer_equipment) computer_monitor_0-1-2-3,13659_monitor_(computer_equipment) computer_monitor_0-1-2-3_annotator310
2,"[1, 1, 0, 1, 0, 0]",5,"[0, 1, 0, 0, 0, 0, 0]","[1, 0, 0, 0, 0, 0, 0]",58,0,1,0,4,8,9,4,8,283dafebe225590d.jpg,1,"[[84, 278, 939, 489]]",Others,0,1024,768,annotator310,283dafebe225590d_Person_2,283dafebe225590d_Person_2_annotator310
1,"[0, 0, 1, 0, 0, 0]",2,"[1, 0, 0, 0, 0, 0, 0]","[1, 0, 0, 0, 0, 0, 0]",58,0,1,0,4,8,9,4,8,16bb316c7c76b5a5.jpg,1,"[[400, 99, 283, 222]]",Screen,0,1024,768,annotator310,16bb316c7c76b5a5_Computer monitor_0,16bb316c7c76b5a5_Computer monitor_0_annotator310
2,"[1, 1, 0, 1, 0, 0]",6,"[1, 0, 0, 0, 0, 0, 0]","[1, 0, 0, 0, 0, 0, 0]",58,0,1,0,4,8,9,4,8,6e38935a10c37c78.jpg,1,"[[221, 188, 221, 492], [542, 183, 211, 497]]",Others,0,1024,681,annotator310,6e38935a10c37c78_Person_4-5,6e38935a10c37c78_Person_4-5_annotator310
