category,informationType,informativeness,sharingOwner,sharingOthers,age,gender,frequency,platform,extraversion,agreeableness,conscientiousness,neuroticism,openness,imagePath,originalDataset,bbox,DIPACategory,nationality,width,height,AnnotatorId,ObjectId,ObjectAnnotatorId
6,"[0, 0, 0, 1, 0, 0]",1,"[0, 1, 1, 1, 0, 0, 0]","[1, 0, 0, 0, 0, 0, 0]",31,0,1,0,4,4,4,5,7,119614.jpg,0,"[[31, 88, 62, 58], [24, 3, 89, 71]]",Others,0,640,480,annotator140,119614_plastic_bag_6-7,119614_plastic_bag_6-7_annotator140
2,"[0, 1, 0, 0, 0, 0]",1,"[0, 1, 1, 1, 1, 1, 0]","[0, 1, 1, 1, 1, 1, 0]",31,0,1,0,4,4,4,5,7,d94378dc2841b503.jpg,1,"[[0, 149, 264, 267], [72, 182, 64, 86], [141, 152, 48, 169], [276, 170, 31, 84], [315, 148, 66, 152], [457, 111, 487, 279], [936, 389, 80, 98]]",Others,0,1024,683,annotator140,d94378dc2841b503_Tower_3-4-5-6-7-8-9,d94378dc2841b503_Tower_3-4-5-6-7-8-9_annotator140
1,"[0, 1, 0, 0, 0, 0]",1,"[0, 1, 1, 1, 1, 1, 0]","[0, 1, 1, 1, 1, 1, 0]",31,0,1,0,4,4,4,5,7,d94378dc2841b503.jpg,1,"[[0, 149, 389, 255], [463, 113, 484, 219]]",Scenery,0,1024,683,annotator140,d94378dc2841b503_Skyscraper_0-1,d94378dc2841b503_Skyscraper_0-1_annotator140
4,"[1, 0, 0, 0, 0, 0]",6,"[1, 0, 0, 0, 0, 0, 0]","[1, 0, 0, 0, 0, 0, 0]",31,0,1,0,4,4,4,5,7,186ecafa80d92c9e.jpg,1,"[[19, 104, 1005, 579]]",Others,0,1024,683,annotator140,186ecafa80d92c9e_identity_0,186ecafa80d92c9e_identity_0_annotator140
7,"[0, 1, 0, 0, 0, 0]",1,"[0, 0, 1, 1, 1, 1, 0]","[0, 1, 1, 1, 1, 1, 0]",31,0,1,0,4,4,4,5,7,119600.jpg,0,"[[9, 51, 3, 1], [531, 27, 4, 18], [34, 37, 2, 2], [466, 30, 1, 1], [430, 39, 4, 13]]",Scenery,0,640,199,annotator140,119600_streetlight_0-1-2-3-4,119600_streetlight_0-1-2-3-4_annotator140
