category,informationType,informativeness,sharingOwner,sharingOthers,age,gender,frequency,platform,extraversion,agreeableness,conscientiousness,neuroticism,openness,imagePath,originalDataset,bbox,DIPACategory,nationality,width,height,AnnotatorId,ObjectId,ObjectAnnotatorId
5,"[0, 0, 1, 1, 0, 0]",5,"[1, 0, 0, 0, 0, 0, 0]","[1, 0, 0, 0, 0, 0, 0]",50,0,0,0,6,8,5,3,8,0fa1f463189c8e42.jpg,0,"[[0, 94, 778, 481]]",Others,0,1024,576,annotator532,0fa1f463189c8e42_Person_6,0fa1f463189c8e42_Person_6_annotator532
1,"[1, 0, 1, 1, 0, 0]",6,"[1, 0, 0, 0, 0, 0, 0]","[1, 0, 0, 0, 0, 0, 0]",50,0,0,0,6,8,5,3,8,0fa1f463189c8e42.jpg,0,"[[124, 224, 47, 58], [146, 265, 40, 62], [412, 106, 130, 191]]",Person,0,1024,576,annotator532,0fa1f463189c8e42_Human face_0-1-2,0fa1f463189c8e42_Human face_0-1-2_annotator532
1,"[1, 0, 1, 0, 0, 0]",6,"[1, 0, 0, 0, 0, 0, 0]","[1, 0, 0, 0, 0, 0, 0]",50,0,0,0,6,8,5,3,8,1aa3acb3e0b57865.jpg,0,"[[390, 185, 349, 463]]",Person,0,1024,819,annotator532,1aa3acb3e0b57865_Human face_0,1aa3acb3e0b57865_Human face_0_annotator532
3,"[0, 0, 1, 1, 0, 0]",6,"[1, 0, 0, 0, 0, 0, 0]","[1, 0, 0, 0, 0, 0, 0]",50,0,0,0,6,8,5,3,8,0fa1f463189c8e42.jpg,0,"[[0, 209, 199, 290], [0, 217, 309, 356], [0, 245, 26, 76], [0, 319, 48, 31], [23, 334, 34, 58], [62, 276, 60, 66], [271, 90, 507, 484]]",Others,0,1024,576,annotator532,0fa1f463189c8e42_Mammal_7-8-9-10-11-12-13,0fa1f463189c8e42_Mammal_7-8-9-10-11-12-13_annotator532
6,"[1, 0, 1, 1, 0, 0]",6,"[1, 0, 0, 0, 0, 0, 0]","[1, 0, 0, 0, 0, 0, 0]",50,0,0,0,6,8,5,3,8,0fa1f463189c8e42.jpg,0,"[[0, 324, 185, 69], [387, 0, 473, 505]]",Others,0,1024,576,annotator532,0fa1f463189c8e42_Violin_15-16,0fa1f463189c8e42_Violin_15-16_annotator532
