category,informationType,informativeness,sharingOwner,sharingOthers,age,gender,frequency,platform,extraversion,agreeableness,conscientiousness,neuroticism,openness,imagePath,originalDataset,bbox,DIPACategory,nationality,width,height,AnnotatorId,ObjectId,ObjectAnnotatorId
6,"[0, 1, 0, 0, 0, 0]",4,"[0, 1, 1, 1, 1, 0, 0]","[0, 0, 0, 0, 1, 0, 0]",48,0,1,0,2,8,4,9,7,17627.jpg,0,"[[596, 197, 11, 26], [141, 163, 19, 43], [371, 201, 13, 25]]",Others,0,640,480,annotator394,17627_street_sign_0-1-2,17627_street_sign_0-1-2_annotator394
2,"[0, 1, 0, 0, 0, 0]",4,"[0, 0, 0, 0, 1, 0, 0]","[0, 0, 0, 0, 1, 0, 0]",48,0,1,0,2,8,4,9,7,cf98919686aa9981.jpg,1,"[[0, 0, 43, 131], [0, 51, 1019, 716], [96, 1, 96, 125], [139, 0, 460, 275], [438, 546, 233, 221], [788, 0, 232, 184]]",Others,0,1024,768,annotator394,cf98919686aa9981_Tower_2-3-4-5-6-7,cf98919686aa9981_Tower_2-3-4-5-6-7_annotator394
1,"[0, 1, 0, 0, 0, 0]",5,"[0, 0, 0, 0, 1, 0, 0]","[0, 0, 0, 0, 1, 0, 0]",48,0,1,0,2,8,4,9,7,cf98919686aa9981.jpg,1,"[[94, 1, 158, 129], [793, 0, 230, 187]]",Scenery,0,1024,768,annotator394,cf98919686aa9981_Skyscraper_0-1,cf98919686aa9981_Skyscraper_0-1_annotator394
3,"[1, 0, 0, 0, 0, 0]",5,"[0, 1, 0, 0, 0, 0, 0]","[1, 0, 0, 0, 0, 0, 0]",48,0,1,0,2,8,4,9,7,0c019fae176b1556.jpg,1,"[[50, 0, 269, 236]]",Others,0,240,320,annotator394,0c019fae176b1556_identity_0,0c019fae176b1556_identity_0_annotator394
