category,informationType,informativeness,sharingOwner,sharingOthers,age,gender,frequency,platform,extraversion,agreeableness,conscientiousness,neuroticism,openness,imagePath,originalDataset,bbox,DIPACategory,nationality,width,height,AnnotatorId,ObjectId,ObjectAnnotatorId
1,"[0, 1, 0, 0, 0, 0]",4,"[0, 0, 0, 1, 0, 0, 0]","[0, 1, 0, 0, 0, 0, 0]",25,0,1,0,6,7,5,7,7,0c3faec726e97005.jpg,1,"[[0, 84, 176, 504], [161, 356, 99, 113], [243, 229, 77, 214], [360, 262, 217, 220], [625, 333, 152, 132], [746, 61, 45, 45], [786, 346, 122, 120], [788, 66, 39, 34], [832, 69, 37, 19]]",Clothing,0,1024,683,annotator322,0c3faec726e97005_Clothing_3-4-5-6-7-8-9-10-11,0c3faec726e97005_Clothing_3-4-5-6-7-8-9-10-11_annotator322
4,"[1, 0, 1, 1, 1, 0]",5,"[0, 1, 0, 0, 0, 0, 0]","[1, 0, 0, 0, 0, 0, 0]",25,0,1,0,6,7,5,7,7,0c78bb26de5c0090.jpg,1,"[[0, 0, 683, 1024]]",Person,0,683,1024,annotator322,0c78bb26de5c0090_Human body_6,0c78bb26de5c0090_Human body_6_annotator322
6,"[1, 0, 0, 0, 0, 0]",6,"[0, 1, 1, 0, 0, 0, 0]","[1, 0, 0, 0, 0, 0, 0]",25,0,1,0,6,7,5,7,7,0c78bb26de5c0090.jpg,1,"[[69, 253, 559, 628]]",Person,0,683,1024,annotator322,0c78bb26de5c0090_Human face_0,0c78bb26de5c0090_Human face_0_annotator322
7,"[1, 0, 0, 1, 0, 0]",4,"[0, 1, 1, 1, 0, 0, 0]","[0, 1, 0, 0, 0, 0, 0]",25,0,1,0,6,7,5,7,7,1b5a2df8bba6d498.jpg,1,"[[108, 365, 170, 210], [460, 575, 24, 63], [540, 462, 34, 71], [706, 57, 166, 228], [954, 202, 69, 169]]",Person,0,1024,683,annotator322,1b5a2df8bba6d498_Human head_3-4-5-6-7,1b5a2df8bba6d498_Human head_3-4-5-6-7_annotator322
12,"[1, 0, 0, 0, 1, 0]",5,"[1, 0, 0, 0, 0, 0, 0]","[1, 0, 0, 0, 0, 0, 0]",25,0,1,0,6,7,5,7,7,328780.jpg,0,"[[0, 0, 207, 424]]",Screen,0,640,534,annotator322,328780_monitor_(computer_equipment) computer_monitor_3,328780_monitor_(computer_equipment) computer_monitor_3_annotator322
3,"[0, 0, 1, 0, 0, 0]",5,"[0, 1, 1, 1, 0, 0, 0]","[0, 0, 0, 0, 0, 1, 0]",25,0,1,0,6,7,5,7,7,0c3faec726e97005.jpg,1,"[[0, 0, 176, 679], [265, 188, 459, 482]]",Person,0,1024,683,annotator322,0c3faec726e97005_Girl_0-1,0c3faec726e97005_Girl_0-1_annotator322
1,"[0, 1, 1, 1, 0, 0]",4,"[0, 0, 0, 1, 0, 0, 0]","[0, 1, 0, 0, 0, 0, 0]",25,0,1,0,6,7,5,7,7,0c78bb26de5c0090.jpg,1,"[[0, 845, 148, 178]]",Clothing,0,683,1024,annotator322,0c78bb26de5c0090_Clothing_5,0c78bb26de5c0090_Clothing_5_annotator322
11,"[1, 0, 1, 1, 0, 0]",5,"[0, 1, 0, 0, 0, 0, 0]","[0, 1, 0, 0, 0, 0, 0]",25,0,1,0,6,7,5,7,7,0c78bb26de5c0090.jpg,1,"[[0, 0, 683, 1024]]",Person,0,683,1024,annotator322,0c78bb26de5c0090_Woman_11,0c78bb26de5c0090_Woman_11_annotator322
8,"[1, 0, 0, 0, 0, 0]",3,"[0, 1, 0, 0, 0, 0, 0]","[0, 1, 0, 0, 0, 0, 0]",25,0,1,0,6,7,5,7,7,0c78bb26de5c0090.jpg,1,"[[302, 649, 207, 135]]",Person,0,683,1024,annotator322,0c78bb26de5c0090_Human mouth_10,0c78bb26de5c0090_Human mouth_10_annotator322
