category,informationType,informativeness,sharingOwner,sharingOthers,age,gender,frequency,platform,extraversion,agreeableness,conscientiousness,neuroticism,openness,imagePath,originalDataset,bbox,DIPACategory,nationality,width,height,AnnotatorId,ObjectId,ObjectAnnotatorId
6,"[0, 0, 0, 0, 1, 0]",3,"[0, 1, 0, 0, 0, 0, 0]","[1, 0, 0, 0, 0, 0, 0]",21,0,1,0,10,9,5,3,6,201151.jpg,0,"[[306, 485, 61, 87]]",Others,0,480,640,annotator535,201151_key_0,201151_key_0_annotator535
2,"[1, 0, 0, 0, 1, 0]",5,"[0, 1, 1, 0, 0, 0, 0]","[0, 1, 1, 0, 0, 0, 0]",21,0,1,0,10,9,5,3,6,3fefc0feb476ed7e.jpg,1,"[[542, 385, 257, 182]]",Screen,0,1024,680,annotator535,3fefc0feb476ed7e_Laptop_3,3fefc0feb476ed7e_Laptop_3_annotator535
1,"[0, 0, 0, 0, 0, 1]",1,"[0, 1, 1, 1, 1, 0, 0]","[0, 1, 1, 1, 1, 1, 0]",21,0,1,0,10,9,5,3,6,00ec4ba83d648c33.jpg,1,"[[590, 262, 70, 89]]",Person,0,1024,768,annotator535,00ec4ba83d648c33_Human head_3,00ec4ba83d648c33_Human head_3_annotator535
7,"[0, 1, 0, 0, 0, 0]",0,"[0, 1, 1, 1, 1, 1, 0]","[0, 1, 1, 1, 1, 1, 0]",21,0,1,0,10,9,5,3,6,11511.jpg,0,"[[319, 18, 146, 347], [224, 27, 186, 412]]",Others,0,640,464,annotator535,11511_statue_(sculpture)_2-3,11511_statue_(sculpture)_2-3_annotator535
3,"[0, 0, 0, 0, 1, 0]",1,"[0, 1, 1, 1, 1, 1, 0]","[0, 1, 1, 1, 1, 1, 0]",21,0,1,0,10,9,5,3,6,00ec4ba83d648c33.jpg,1,"[[509, 260, 211, 281]]",Others,0,1024,768,annotator535,00ec4ba83d648c33_Person_2,00ec4ba83d648c33_Person_2_annotator535
