category,informationType,informativeness,sharingOwner,sharingOthers,age,gender,frequency,platform,extraversion,agreeableness,conscientiousness,neuroticism,openness,imagePath,originalDataset,bbox,DIPACategory,nationality,width,height,AnnotatorId,ObjectId,ObjectAnnotatorId
2,"[0, 1, 0, 0, 0, 0]",2,"[0, 0, 0, 0, 1, 0, 0]","[0, 0, 0, 0, 1, 0, 0]",54,0,1,0,4,6,4,8,6,208b5dac144c51b6.jpg,1,"[[191, 1, 561, 678], [749, 530, 273, 93]]",Scenery,0,1024,683,annotator295,208b5dac144c51b6_Skyscraper_0-1,208b5dac144c51b6_Skyscraper_0-1_annotator295
7,"[0, 0, 0, 1, 0, 0]",4,"[0, 0, 0, 0, 1, 0, 0]","[0, 0, 0, 0, 1, 0, 0]",54,0,1,0,4,6,4,8,6,132573.jpg,0,"[[87, 0, 195, 148]]",Screen,0,375,500,annotator295,132573_monitor_(computer_equipment) computer_monitor_0,132573_monitor_(computer_equipment) computer_monitor_0_annotator295
4,"[1, 0, 0, 0, 0, 0]",5,"[0, 1, 0, 0, 0, 0, 0]","[0, 1, 0, 0, 0, 0, 0]",54,0,1,0,4,6,4,8,6,0f0596b1c511e071.jpg,1,"[[265, 109, 20, 5], [904, 432, 119, 83]]",Vehicle Plate,0,1024,901,annotator295,0f0596b1c511e071_Vehicle registration plate_0-1,0f0596b1c511e071_Vehicle registration plate_0-1_annotator295
8,"[0, 1, 0, 0, 0, 0]",2,"[0, 0, 0, 0, 1, 0, 0]","[0, 0, 0, 0, 1, 0, 0]",54,0,1,0,4,6,4,8,6,100503.jpg,0,"[[17, 54, 117, 111], [15, 6, 601, 51], [34, 225, 570, 143], [466, 52, 148, 118], [135, 50, 332, 24]]",Place Identifier,0,640,478,annotator295,100503_signboard_0-1-2-3-4,100503_signboard_0-1-2-3-4_annotator295
1,"[0, 1, 0, 0, 0, 0]",2,"[0, 0, 0, 0, 1, 0, 0]","[0, 0, 0, 0, 1, 0, 0]",54,0,1,0,4,6,4,8,6,117993.jpg,0,"[[179, 85, 249, 77]]",Others,0,500,333,annotator295,117993_Object 0_32,117993_Object 0_32_annotator295
5,"[0, 0, 0, 0, 1, 0]",6,"[0, 0, 0, 0, 1, 0, 0]","[0, 0, 0, 0, 1, 0, 0]",54,0,1,0,4,6,4,8,6,117993.jpg,0,"[[171, 189, 107, 73]]",Place Identifier,0,500,333,annotator295,117993_banner_22,117993_banner_22_annotator295
