category,informationType,informativeness,sharingOwner,sharingOthers,age,gender,frequency,platform,extraversion,agreeableness,conscientiousness,neuroticism,openness,imagePath,originalDataset,bbox,DIPACategory,nationality,width,height,AnnotatorId,ObjectId,ObjectAnnotatorId
4,"[1, 0, 0, 0, 0, 0]",4,"[0, 1, 0, 0, 0, 0, 0]","[0, 1, 0, 0, 0, 0, 0]",45,0,3,0,6,7,5,5,7,0f0c237588553730.jpg,0,"[[261, 95, 306, 169]]",Person,0,682,1024,annotator440,0f0c237588553730_Human hair_0,0f0c237588553730_Human hair_0_annotator440
9,"[1, 0, 0, 0, 1, 0]",6,"[1, 0, 0, 0, 0, 0, 0]","[1, 0, 0, 0, 0, 0, 0]",45,0,3,0,6,7,5,5,7,12a8cf399d440a92.jpg,0,"[[143, 45, 640, 488]]",Others,0,800,533,annotator440,12a8cf399d440a92_identity_0,12a8cf399d440a92_identity_0_annotator440
3,"[1, 0, 0, 0, 0, 1]",4,"[0, 0, 1, 1, 0, 0, 0]","[0, 1, 0, 0, 0, 0, 0]",45,0,3,0,6,7,5,5,7,04833bdaa8c68594.jpg,0,"[[29, 142, 994, 63]]",Person,0,1024,577,annotator440,04833bdaa8c68594_Human face_0,04833bdaa8c68594_Human face_0_annotator440
8,"[0, 0, 1, 0, 0, 0]",1,"[0, 0, 0, 0, 0, 1, 0]","[0, 0, 0, 0, 1, 0, 0]",45,0,3,0,6,7,5,5,7,0f0c237588553730.jpg,0,"[[155, 89, 458, 759]]",Person,0,682,1024,annotator440,0f0c237588553730_Woman_4,0f0c237588553730_Woman_4_annotator440
2,"[0, 0, 1, 0, 0, 0]",1,"[0, 0, 0, 0, 0, 1, 0]","[0, 0, 0, 0, 0, 1, 0]",45,0,3,0,6,7,5,5,7,0f0c237588553730.jpg,0,"[[153, 98, 458, 749]]",Person,0,682,1024,annotator440,0f0c237588553730_Human body_2,0f0c237588553730_Human body_2_annotator440
6,"[0, 0, 1, 0, 0, 0]",1,"[0, 0, 0, 0, 0, 1, 0]","[0, 0, 0, 0, 0, 1, 0]",45,0,3,0,6,7,5,5,7,0f0c237588553730.jpg,0,"[[0, 101, 682, 360]]",Table,0,682,1024,annotator440,0f0c237588553730_Table_3,0f0c237588553730_Table_3_annotator440
1,"[0, 0, 0, 0, 0, 1]",5,"[0, 0, 0, 0, 0, 1, 0]","[0, 0, 0, 0, 0, 1, 0]",45,0,3,0,6,7,5,5,7,0f0c237588553730.jpg,0,"[[167, 235, 451, 608]]",Clothing,0,682,1024,annotator440,0f0c237588553730_Clothing_1,0f0c237588553730_Clothing_1_annotator440
