category,informationType,informativeness,sharingOwner,sharingOthers,age,gender,frequency,platform,extraversion,agreeableness,conscientiousness,neuroticism,openness,imagePath,originalDataset,bbox,DIPACategory,nationality,width,height,AnnotatorId,ObjectId,ObjectAnnotatorId
5,"[0, 0, 0, 1, 0, 0]",4,"[1, 0, 0, 0, 0, 0, 0]","[1, 0, 0, 0, 0, 0, 0]",42,0,1,0,3,3,8,8,8,403656193dc35cad.jpg,1,"[[661, 431, 224, 111]]",Others,0,1024,680,annotator83,403656193dc35cad_Object 0_2,403656193dc35cad_Object 0_2_annotator83
9,"[1, 0, 0, 0, 0, 0]",3,"[1, 0, 0, 0, 0, 0, 0]","[1, 0, 0, 0, 0, 0, 0]",42,0,1,0,3,3,8,8,8,104188.jpg,0,"[[251, 137, 43, 9]]",Others,0,640,481,annotator83,104188_spectacles_1,104188_spectacles_1_annotator83
3,"[0, 1, 0, 1, 1, 0]",5,"[1, 0, 0, 0, 0, 0, 0]","[1, 0, 0, 0, 0, 0, 0]",42,0,1,0,3,3,8,8,8,403656193dc35cad.jpg,1,"[[51, 0, 578, 416], [638, 79, 384, 277]]",Screen,0,1024,680,annotator83,403656193dc35cad_Laptop_0-1,403656193dc35cad_Laptop_0-1_annotator83
8,"[1, 1, 0, 0, 0, 0]",5,"[0, 1, 0, 0, 0, 0, 0]","[0, 1, 0, 0, 0, 0, 0]",42,0,1,0,3,3,8,8,8,104188.jpg,0,"[[170, 254, 363, 218]]",Home interior,0,640,481,annotator83,104188_sofa_0,104188_sofa_0_annotator83
1,"[1, 0, 0, 1, 0, 0]",5,"[0, 1, 0, 1, 0, 0, 0]","[0, 1, 0, 0, 0, 0, 0]",42,0,1,0,3,3,8,8,8,2110e5d8ca7e5a99.jpg,1,"[[659, 329, 200, 176]]",Person,0,1024,768,annotator83,2110e5d8ca7e5a99_Human face_0,2110e5d8ca7e5a99_Human face_0_annotator83
6,"[0, 0, 0, 1, 0, 0]",4,"[0, 0, 1, 0, 0, 0, 0]","[0, 0, 1, 0, 0, 0, 0]",42,0,1,0,3,3,8,8,8,7afb90178c425e18.jpg,1,"[[758, 159, 184, 619]]",Others,0,1024,1002,annotator83,7afb90178c425e18_Person_2,7afb90178c425e18_Person_2_annotator83
1,"[0, 0, 0, 1, 0, 0]",3,"[0, 1, 0, 1, 0, 0, 0]","[0, 0, 1, 1, 0, 0, 0]",42,0,1,0,3,3,8,8,8,7afb90178c425e18.jpg,1,"[[535, 151, 115, 131], [810, 181, 93, 98]]",Person,0,1024,1002,annotator83,7afb90178c425e18_Human face_0-1,7afb90178c425e18_Human face_0-1_annotator83
5,"[1, 1, 1, 1, 1, 0]",5,"[0, 1, 0, 1, 0, 0, 0]","[0, 0, 0, 1, 0, 0, 0]",42,0,1,0,3,3,8,8,8,104188.jpg,0,"[[16, 72, 531, 386]]",Others,0,640,481,annotator83,104188_Object 0_8,104188_Object 0_8_annotator83
