category,informationType,informativeness,sharingOwner,sharingOthers,age,gender,frequency,platform,extraversion,agreeableness,conscientiousness,neuroticism,openness,imagePath,originalDataset,bbox,DIPACategory,nationality,width,height,AnnotatorId,ObjectId,ObjectAnnotatorId
6,"[0, 1, 0, 1, 0, 0]",4,"[1, 0, 0, 0, 0, 0, 0]","[0, 1, 0, 0, 0, 0, 0]",38,0,2,0,5,8,5,6,9,157635.jpg,0,"[[395, 0, 130, 116]]",Others,0,640,480,annotator129,157635_television_set_0,157635_television_set_0_annotator129
2,"[1, 0, 0, 0, 0, 0]",5,"[1, 0, 0, 0, 0, 0, 0]","[0, 1, 0, 0, 0, 0, 0]",38,0,2,0,5,8,5,6,9,02879d3014b69b1f.jpg,1,"[[233, 171, 270, 340]]",Person,0,768,1024,annotator129,02879d3014b69b1f_Human face_0,02879d3014b69b1f_Human face_0_annotator129
1,"[1, 0, 1, 0, 0, 0]",5,"[0, 0, 1, 0, 0, 0, 0]","[1, 0, 0, 0, 0, 0, 0]",38,0,2,0,5,8,5,6,9,1eb99df4147f898f.jpg,1,"[[33, 222, 364, 508], [414, 203, 593, 564], [430, 246, 332, 478]]",Person,0,1024,768,annotator129,1eb99df4147f898f_Human body_7-8-9,1eb99df4147f898f_Human body_7-8-9_annotator129
3,"[1, 0, 0, 0, 0, 0]",4,"[1, 0, 0, 0, 0, 0, 0]","[1, 0, 0, 0, 0, 0, 0]",38,0,2,0,5,8,5,6,9,a09ff3a4b88d6f97.jpg,1,"[[497, 278, 201, 487]]",Person,0,1024,768,annotator129,a09ff3a4b88d6f97_Woman_39,a09ff3a4b88d6f97_Woman_39_annotator129
