category,informationType,informativeness,sharingOwner,sharingOthers,age,gender,frequency,platform,extraversion,agreeableness,conscientiousness,neuroticism,openness,imagePath,originalDataset,bbox,DIPACategory,nationality,width,height,AnnotatorId,ObjectId,ObjectAnnotatorId
4,"[0, 1, 0, 0, 0, 0]",4,"[1, 0, 0, 0, 0, 0, 0]","[1, 0, 0, 0, 0, 0, 0]",59,0,2,0,6,4,7,4,8,290959.jpg,0,"[[59, 91, 103, 100]]",Others,0,640,498,annotator528,290959_Object 1_1,290959_Object 1_1_annotator528
9,"[0, 1, 0, 0, 0, 0]",3,"[0, 0, 0, 0, 1, 0, 0]","[0, 0, 0, 0, 1, 0, 0]",59,0,2,0,6,4,7,4,8,385190.jpg,0,"[[44, 71, 328, 160]]",Others,0,500,375,annotator528,385190_painting_3,385190_painting_3_annotator528
2,"[0, 0, 1, 1, 0, 0]",4,"[0, 0, 1, 0, 0, 0, 0]","[0, 0, 1, 0, 0, 0, 0]",59,0,2,0,6,4,7,4,8,3e4ad48b1e86a288.jpg,1,"[[0, 0, 1024, 587]]",Person,0,1024,683,annotator528,3e4ad48b1e86a288_Man_12,3e4ad48b1e86a288_Man_12_annotator528
10,"[0, 0, 0, 0, 1, 0]",4,"[1, 0, 0, 0, 0, 0, 0]","[1, 0, 0, 0, 0, 0, 0]",59,0,2,0,6,4,7,4,8,141278.jpg,0,"[[328, 92, 104, 93]]",Machine,0,500,375,annotator528,141278_printer_3,141278_printer_3_annotator528
6,"[0, 1, 0, 1, 0, 0]",4,"[0, 1, 0, 0, 0, 0, 0]","[0, 1, 0, 0, 0, 0, 0]",59,0,2,0,6,4,7,4,8,204643.jpg,0,"[[0, 0, 294, 480]]",Others,0,640,480,annotator528,204643_bulletin_board_0,204643_bulletin_board_0_annotator528
1,"[0, 0, 1, 1, 1, 0]",4,"[0, 0, 1, 0, 0, 0, 0]","[0, 0, 1, 0, 0, 0, 0]",59,0,2,0,6,4,7,4,8,3e4ad48b1e86a288.jpg,1,"[[0, 0, 1022, 330]]",Person,0,1024,683,annotator528,3e4ad48b1e86a288_Human hair_0,3e4ad48b1e86a288_Human hair_0_annotator528
7,"[0, 0, 0, 0, 1, 0]",4,"[1, 0, 0, 0, 0, 0, 0]","[1, 0, 0, 0, 0, 0, 0]",59,0,2,0,6,4,7,4,8,141278.jpg,0,"[[251, 103, 84, 67]]",Screen,0,500,375,annotator528,141278_laptop_computer_0,141278_laptop_computer_0_annotator528
