category,informationType,informativeness,sharingOwner,sharingOthers,age,gender,frequency,platform,extraversion,agreeableness,conscientiousness,neuroticism,openness,imagePath,originalDataset,bbox,DIPACategory,nationality,width,height,AnnotatorId,ObjectId,ObjectAnnotatorId
5,"[1, 0, 1, 1, 1, 0]",5,"[0, 0, 1, 0, 0, 0, 0]","[0, 0, 1, 0, 0, 0, 0]",48,0,1,0,7,7,8,7,8,0fa1f463189c8e42.jpg,1,"[[0, 94, 778, 481]]",Others,0,1024,576,annotator390,0fa1f463189c8e42_Person_6,0fa1f463189c8e42_Person_6_annotator390
2,"[0, 0, 1, 1, 1, 0]",4,"[1, 0, 0, 0, 0, 0, 0]","[0, 0, 0, 1, 0, 0, 0]",48,0,1,0,7,7,8,7,8,0fa1f463189c8e42.jpg,1,"[[124, 224, 47, 58], [146, 265, 40, 62], [412, 106, 130, 191]]",Person,0,1024,576,annotator390,0fa1f463189c8e42_Human face_0-1-2,0fa1f463189c8e42_Human face_0-1-2_annotator390
1,"[1, 0, 0, 0, 0, 0]",2,"[1, 0, 0, 0, 0, 0, 0]","[1, 0, 0, 0, 0, 0, 0]",48,0,1,0,7,7,8,7,8,1aa3acb3e0b57865.jpg,1,"[[484, 364, 71, 41], [623, 354, 51, 39]]",Person,0,1024,819,annotator390,1aa3acb3e0b57865_Human eye_7-8,1aa3acb3e0b57865_Human eye_7-8_annotator390
3,"[1, 0, 0, 0, 0, 0]",5,"[0, 1, 0, 0, 0, 0, 0]","[1, 0, 0, 0, 0, 0, 0]",48,0,1,0,7,7,8,7,8,1aa3acb3e0b57865.jpg,1,"[[377, 132, 363, 531]]",Person,0,1024,819,annotator390,1aa3acb3e0b57865_Human head_6,1aa3acb3e0b57865_Human head_6_annotator390
6,"[1, 1, 1, 0, 1, 0]",4,"[0, 0, 1, 0, 0, 0, 0]","[1, 0, 0, 0, 0, 0, 0]",48,0,1,0,7,7,8,7,8,114169.jpg,0,"[[175, 50, 30, 34]]",Accessory,0,640,480,annotator390,114169_ring_0,114169_ring_0_annotator390
