category,informationType,informativeness,sharingOwner,sharingOthers,age,gender,frequency,platform,extraversion,agreeableness,conscientiousness,neuroticism,openness,imagePath,originalDataset,bbox,DIPACategory,nationality,width,height,AnnotatorId,ObjectId,ObjectAnnotatorId
5,"[0, 1, 0, 0, 0, 0]",1,"[0, 1, 1, 1, 1, 0, 0]","[0, 1, 1, 1, 1, 0, 0]",27,0,0,0,2,7,7,10,8,a07d695db0b2c700.jpg,0,"[[364, 286, 65, 108], [974, 243, 48, 96]]",Scenery,0,1024,768,annotator430,a07d695db0b2c700_Skyscraper_0-1,a07d695db0b2c700_Skyscraper_0-1_annotator430
2,"[0, 0, 1, 0, 0, 0]",3,"[0, 1, 1, 0, 0, 0, 0]","[0, 1, 0, 0, 0, 0, 0]",27,0,0,0,2,7,7,10,8,18da2f5082dcfbfc.jpg,0,"[[508, 200, 172, 175]]",Person,0,1024,711,annotator430,18da2f5082dcfbfc_Human face_0,18da2f5082dcfbfc_Human face_0_annotator430
1,"[0, 0, 1, 0, 0, 0]",0,"[0, 1, 1, 1, 0, 0, 0]","[0, 1, 1, 1, 0, 0, 0]",27,0,0,0,2,7,7,10,8,0293d27f2c20c95e.jpg,0,"[[129, 179, 466, 770]]",Person,0,683,1024,annotator430,0293d27f2c20c95e_Human arm_4,0293d27f2c20c95e_Human arm_4_annotator430
6,"[0, 1, 0, 0, 0, 0]",1,"[1, 0, 0, 0, 0, 0, 0]","[1, 0, 0, 0, 0, 0, 0]",27,0,0,0,2,7,7,10,8,1833f19d632b9ffa.jpg,0,"[[170, 99, 358, 268]]",Others,0,612,612,annotator430,1833f19d632b9ffa_identity_0,1833f19d632b9ffa_identity_0_annotator430
3,"[0, 0, 1, 0, 0, 0]",0,"[0, 1, 1, 1, 0, 0, 0]","[0, 1, 1, 1, 0, 0, 0]",27,0,0,0,2,7,7,10,8,0293d27f2c20c95e.jpg,0,"[[228, 255, 320, 413]]",Person,0,683,1024,annotator430,0293d27f2c20c95e_Human hand_3,0293d27f2c20c95e_Human hand_3_annotator430
