category,informationType,informativeness,sharingOwner,sharingOthers,age,gender,frequency,platform,extraversion,agreeableness,conscientiousness,neuroticism,openness,imagePath,originalDataset,bbox,DIPACategory,nationality,width,height,AnnotatorId,ObjectId,ObjectAnnotatorId
4,"[1, 0, 0, 0, 0, 0]",0,"[1, 0, 0, 0, 0, 0, 0]","[1, 0, 0, 0, 0, 0, 0]",34,0,3,0,8,3,8,2,10,234685.jpg,0,"[[50, 24, 282, 475], [32, 183, 112, 213]]",Person,0,359,500,annotator206,234685_person_0-1,234685_person_0-1_annotator206
1,"[1, 0, 0, 0, 0, 0]",1,"[1, 0, 0, 0, 0, 0, 0]","[1, 0, 0, 0, 0, 0, 0]",34,0,3,0,8,3,8,2,10,1ca2486498488b59.jpg,1,"[[211, 302, 161, 192], [231, 75, 185, 251]]",Person,0,685,1024,annotator206,1ca2486498488b59_Human face_0-1,1ca2486498488b59_Human face_0-1_annotator206
0,"[1, 0, 0, 0, 0, 0]",0,"[1, 0, 0, 0, 0, 0, 0]","[1, 0, 0, 0, 0, 0, 0]",34,0,3,0,8,3,8,2,10,2afcec1f707608d2.jpg,1,"[[182, 333, 286, 294]]",Person,0,737,1024,annotator206,2afcec1f707608d2_Girl_4,2afcec1f707608d2_Girl_4_annotator206
4,"[1, 1, 0, 1, 0, 0]",4,"[0, 0, 0, 1, 0, 0, 0]","[0, 1, 0, 0, 0, 0, 0]",34,0,3,0,8,3,8,2,10,149539.jpg,0,"[[108, 13, 211, 463], [297, 125, 199, 352]]",Person,0,640,478,annotator206,149539_person_0-1,149539_person_0-1_annotator206
2,"[1, 0, 0, 0, 0, 0]",0,"[1, 0, 0, 0, 0, 0, 0]","[1, 0, 0, 0, 0, 0, 0]",34,0,3,0,8,3,8,2,10,1ca2486498488b59.jpg,1,"[[43, 21, 568, 1002]]",Person,0,685,1024,annotator206,1ca2486498488b59_Man_36,1ca2486498488b59_Man_36_annotator206
