category,informationType,informativeness,sharingOwner,sharingOthers,age,gender,frequency,platform,extraversion,agreeableness,conscientiousness,neuroticism,openness,imagePath,originalDataset,bbox,DIPACategory,nationality,width,height,AnnotatorId,ObjectId,ObjectAnnotatorId
6,"[1, 0, 0, 0, 1, 0]",6,"[1, 0, 0, 0, 0, 0, 0]","[1, 0, 0, 0, 0, 0, 0]",42,0,3,0,8,6,7,6,5,251016.jpg,0,"[[219, 176, 94, 72]]",Others,0,640,403,annotator380,251016_wallet_0,251016_wallet_0_annotator380
2,"[1, 0, 0, 0, 0, 0]",6,"[1, 0, 0, 0, 0, 0, 0]","[1, 0, 0, 0, 0, 0, 0]",42,0,3,0,8,6,7,6,5,251016.jpg,0,"[[167, 33, 58, 87]]",Others,0,640,403,annotator380,251016_Manual Label_0,251016_Manual Label_0_annotator380
1,"[0, 0, 0, 0, 1, 0]",6,"[0, 1, 1, 1, 1, 0, 0]","[0, 1, 1, 0, 0, 0, 0]",42,0,3,0,8,6,7,6,5,266a3f657957cba7.jpg,1,"[[146, 270, 539, 743]]",Person,0,833,1024,annotator380,266a3f657957cba7_Man_1,266a3f657957cba7_Man_1_annotator380
3,"[1, 1, 1, 0, 0, 0]",6,"[1, 0, 0, 0, 0, 0, 0]","[1, 0, 0, 0, 0, 0, 0]",42,0,3,0,8,6,7,6,5,10eb9f46843bd20c.jpg,1,"[[4, 150, 1020, 615], [0, 1, 1024, 499]]",Others,0,1024,768,annotator380,10eb9f46843bd20c_identity_0-1,10eb9f46843bd20c_identity_0-1_annotator380
