category,informationType,informativeness,sharingOwner,sharingOthers,age,gender,frequency,platform,extraversion,agreeableness,conscientiousness,neuroticism,openness,imagePath,originalDataset,bbox,DIPACategory,nationality,width,height,AnnotatorId,ObjectId,ObjectAnnotatorId
5,"[0, 1, 0, 0, 0, 0]",2,"[0, 0, 0, 1, 0, 0, 0]","[0, 0, 0, 1, 0, 0, 0]",42,0,1,0,2,4,7,8,6,34b65dafe328d39e.jpg,0,"[[0, 0, 1024, 768]]",Place Identifier,0,1024,768,annotator18,34b65dafe328d39e_Office building_7,34b65dafe328d39e_Office building_7_annotator18
8,"[1, 0, 0, 0, 0, 0]",5,"[0, 1, 1, 1, 1, 1, 0]","[0, 1, 1, 1, 1, 1, 0]",42,0,1,0,2,4,7,8,6,04f90c7bbd46cb4b.jpg,0,"[[0, 4, 729, 546]]",Others,0,729,550,annotator18,04f90c7bbd46cb4b_identity_0,04f90c7bbd46cb4b_identity_0_annotator18
3,"[1, 0, 0, 0, 0, 0]",4,"[1, 0, 0, 0, 0, 0, 0]","[1, 0, 0, 0, 0, 0, 0]",42,0,1,0,2,4,7,8,6,4a197f10b93d99d8.jpg,0,"[[0, 167, 108, 434], [97, 176, 111, 361], [129, 31, 373, 646], [275, 152, 81, 336], [328, 241, 191, 389], [465, 161, 368, 517], [758, 158, 167, 189], [771, 137, 84, 88], [802, 275, 57, 140], [856, 269, 117, 345]]",Others,0,1024,680,annotator18,4a197f10b93d99d8_Mammal_5-6-7-8-9-10-11-12-13-14,4a197f10b93d99d8_Mammal_5-6-7-8-9-10-11-12-13-14_annotator18
7,"[1, 0, 0, 0, 0, 0]",5,"[1, 0, 0, 0, 0, 0, 0]","[1, 0, 0, 0, 0, 0, 0]",42,0,1,0,2,4,7,8,6,4a197f10b93d99d8.jpg,0,"[[0, 31, 974, 648]]",Person,0,1024,680,annotator18,4a197f10b93d99d8_Woman_15,4a197f10b93d99d8_Woman_15_annotator18
1,"[1, 0, 0, 0, 0, 0]",5,"[1, 0, 0, 0, 0, 0, 0]","[1, 0, 0, 0, 0, 0, 0]",42,0,1,0,2,4,7,8,6,00ec4ba83d648c33.jpg,0,"[[590, 281, 61, 66]]",Person,0,1024,768,annotator18,00ec4ba83d648c33_Human face_0,00ec4ba83d648c33_Human face_0_annotator18
6,"[1, 0, 0, 0, 0, 0]",5,"[1, 0, 0, 0, 0, 0, 0]","[1, 0, 0, 0, 0, 0, 0]",42,0,1,0,2,4,7,8,6,34b65dafe328d39e.jpg,0,"[[68, 124, 233, 507]]",Others,0,1024,768,annotator18,34b65dafe328d39e_Person_8,34b65dafe328d39e_Person_8_annotator18
1,"[1, 0, 0, 0, 0, 0]",4,"[1, 0, 0, 0, 0, 0, 0]","[1, 0, 0, 0, 0, 0, 0]",42,0,1,0,2,4,7,8,6,34b65dafe328d39e.jpg,0,"[[156, 137, 52, 80]]",Person,0,1024,768,annotator18,34b65dafe328d39e_Human face_0,34b65dafe328d39e_Human face_0_annotator18
