category,informationType,informativeness,sharingOwner,sharingOthers,age,gender,frequency,platform,extraversion,agreeableness,conscientiousness,neuroticism,openness,imagePath,originalDataset,bbox,DIPACategory,nationality,width,height,AnnotatorId,ObjectId,ObjectAnnotatorId
5,"[1, 0, 1, 1, 1, 0]",6,"[0, 1, 1, 0, 0, 0, 0]","[1, 0, 0, 0, 0, 0, 0]",68,0,0,0,8,8,10,2,10,263604.jpg,0,"[[360, 379, 69, 69], [357, 297, 63, 56], [170, 304, 60, 50], [161, 390, 57, 41]]",Others,0,525,640,annotator350,263604_underwear_0-1-2-3,263604_underwear_0-1-2-3_annotator350
1,"[1, 0, 0, 1, 0, 0]",6,"[0, 1, 1, 1, 0, 0, 0]","[1, 0, 0, 0, 0, 0, 0]",68,0,0,0,8,8,10,2,10,278796.jpg,0,"[[208, 93, 112, 91]]",Others,0,640,480,annotator350,278796_Object 0_0,278796_Object 0_0_annotator350
1,"[1, 0, 0, 0, 0, 0]",5,"[1, 0, 0, 0, 0, 0, 0]","[1, 0, 0, 0, 0, 0, 0]",68,0,0,0,8,8,10,2,10,155341.jpg,0,"[[147, 284, 247, 126]]",Others,0,640,480,annotator350,155341_Object 0_5,155341_Object 0_5_annotator350
2,"[1, 0, 0, 0, 0, 0]",5,"[1, 0, 0, 0, 0, 0, 0]","[1, 0, 0, 0, 0, 0, 0]",68,0,0,0,8,8,10,2,10,0bc24867cc06ebb6.jpg,1,"[[55, 423, 123, 52]]",Vehicle Plate,0,1024,683,annotator350,0bc24867cc06ebb6_Vehicle registration plate_2,0bc24867cc06ebb6_Vehicle registration plate_2_annotator350
