category,informationType,informativeness,sharingOwner,sharingOthers,age,gender,frequency,platform,extraversion,agreeableness,conscientiousness,neuroticism,openness,imagePath,originalDataset,bbox,DIPACategory,nationality,width,height,AnnotatorId,ObjectId,ObjectAnnotatorId
2,"[1, 0, 0, 1, 0, 0]",5,"[1, 0, 0, 0, 0, 0, 0]","[1, 0, 0, 0, 0, 0, 0]",29,0,1,0,5,4,7,8,7,0a3873442ad329c2.jpg,1,"[[205, 126, 391, 528]]",Person,0,1024,683,annotator199,0a3873442ad329c2_Human body_0,0a3873442ad329c2_Human body_0_annotator199
4,"[1, 1, 1, 1, 0, 0]",4,"[0, 1, 1, 0, 0, 0, 0]","[0, 1, 1, 0, 0, 0, 0]",29,0,1,0,5,4,7,8,7,42cdf62be2cd206c.jpg,1,"[[68, 352, 55, 78], [134, 337, 101, 108], [198, 346, 58, 77], [382, 269, 19, 45], [400, 290, 27, 31], [668, 294, 51, 89]]",Others,0,1024,685,annotator199,42cdf62be2cd206c_Person_1-2-3-4-5-6,42cdf62be2cd206c_Person_1-2-3-4-5-6_annotator199
3,"[1, 0, 0, 0, 0, 0]",3,"[1, 0, 0, 0, 0, 0, 0]","[1, 0, 0, 0, 0, 0, 0]",29,0,1,0,5,4,7,8,7,263784cf4057af29.jpg,1,"[[260, 171, 408, 850], [707, 129, 316, 890]]",Person,0,1024,1024,annotator199,263784cf4057af29_Man_2-3,263784cf4057af29_Man_2-3_annotator199
5,"[0, 0, 0, 0, 1, 0]",4,"[0, 1, 1, 0, 0, 0, 0]","[0, 1, 1, 0, 0, 0, 0]",29,0,1,0,5,4,7,8,7,147223.jpg,0,"[[119, 171, 22, 8], [213, 257, 48, 17]]",Vehicle Plate,0,640,360,annotator199,147223_license_plate_0-1,147223_license_plate_0-1_annotator199
1,"[0, 0, 0, 1, 0, 0]",2,"[0, 1, 1, 1, 1, 0, 0]","[0, 1, 1, 1, 1, 0, 0]",29,0,1,0,5,4,7,8,7,5444099c2d172faa.jpg,1,"[[0, 295, 72, 151], [63, 162, 872, 377]]",Others,0,1024,576,annotator199,5444099c2d172faa_Car_0-1,5444099c2d172faa_Car_0-1_annotator199
3,"[1, 0, 1, 1, 0, 0]",5,"[1, 0, 0, 0, 0, 0, 0]","[1, 0, 0, 0, 0, 0, 0]",29,0,1,0,5,4,7,8,7,036c89a81d6bd616.jpg,1,"[[0, 242, 681, 479]]",Person,0,681,1024,annotator199,036c89a81d6bd616_Man_13,036c89a81d6bd616_Man_13_annotator199
