category,informationType,informativeness,sharingOwner,sharingOthers,age,gender,frequency,platform,extraversion,agreeableness,conscientiousness,neuroticism,openness,imagePath,originalDataset,bbox,DIPACategory,nationality,width,height,AnnotatorId,ObjectId,ObjectAnnotatorId
6,"[1, 0, 0, 0, 0, 0]",6,"[0, 1, 1, 0, 0, 0, 0]","[0, 1, 1, 0, 0, 0, 0]",34,0,2,0,8,4,7,5,8,111768.jpg,0,"[[314, 163, 30, 16], [397, 81, 5, 2]]",Vehicle Plate,0,480,640,annotator184,111768_license_plate_4-5,111768_license_plate_4-5_annotator184
2,"[1, 0, 0, 1, 0, 0]",6,"[0, 1, 1, 1, 0, 0, 0]","[0, 1, 1, 0, 0, 0, 0]",34,0,2,0,8,4,7,5,8,11b06ea19b8a48d9.jpg,1,"[[172, 45, 160, 326], [394, 123, 367, 556], [734, 211, 105, 93], [756, 102, 202, 240], [969, 191, 52, 241]]",Person,0,1024,683,annotator184,11b06ea19b8a48d9_Man_15-16-17-18-19,11b06ea19b8a48d9_Man_15-16-17-18-19_annotator184
1,"[1, 0, 0, 1, 0, 0]",6,"[0, 1, 1, 1, 0, 0, 0]","[0, 1, 1, 0, 0, 0, 0]",34,0,2,0,8,4,7,5,8,11b06ea19b8a48d9.jpg,1,"[[170, 40, 164, 332], [182, 120, 582, 559], [444, 123, 48, 114], [738, 194, 108, 104], [759, 102, 200, 240], [974, 191, 48, 235]]",Person,0,1024,683,annotator184,11b06ea19b8a48d9_Human body_7-8-9-10-11-12,11b06ea19b8a48d9_Human body_7-8-9-10-11-12_annotator184
7,"[0, 0, 0, 1, 1, 0]",3,"[0, 1, 1, 1, 0, 0, 0]","[0, 1, 1, 0, 0, 0, 0]",34,0,2,0,8,4,7,5,8,366683.jpg,0,"[[151, 251, 209, 199]]",Identity,0,612,612,annotator184,366683_passport_0,366683_passport_0_annotator184
3,"[1, 0, 0, 0, 0, 0]",4,"[0, 1, 1, 1, 0, 0, 0]","[0, 1, 1, 1, 0, 0, 0]",34,0,2,0,8,4,7,5,8,314480.jpg,0,"[[65, 144, 71, 68]]",Others,0,640,450,annotator184,314480_Object 0_0,314480_Object 0_0_annotator184
