category,informationType,informativeness,sharingOwner,sharingOthers,age,gender,frequency,platform,extraversion,agreeableness,conscientiousness,neuroticism,openness,imagePath,originalDataset,bbox,DIPACategory,nationality,width,height,AnnotatorId,ObjectId,ObjectAnnotatorId
2,"[0, 0, 1, 0, 1, 0]",4,"[1, 0, 0, 0, 0, 0, 0]","[1, 0, 0, 0, 0, 0, 0]",54,0,3,0,6,7,7,2,8,13659.jpg,0,"[[96, 251, 56, 74], [349, 96, 25, 20], [195, 78, 39, 37], [51, 345, 78, 97]]",Screen,0,640,480,annotator301,13659_monitor_(computer_equipment) computer_monitor_0-1-2-3,13659_monitor_(computer_equipment) computer_monitor_0-1-2-3_annotator301
0,"[1, 0, 0, 0, 0, 0]",4,"[1, 0, 0, 0, 0, 0, 0]","[1, 0, 0, 0, 0, 0, 0]",54,0,3,0,6,7,7,2,8,13659.jpg,0,"[[408, 4, 104, 102]]",Others,0,640,480,annotator301,13659_Manual Label_1,13659_Manual Label_1_annotator301
0,"[0, 0, 1, 1, 0, 0]",5,"[0, 0, 1, 0, 0, 0, 0]","[0, 0, 1, 0, 0, 0, 0]",54,0,3,0,6,7,7,2,8,12527a39a5152a59.jpg,1,"[[697, 173, 185, 196]]",Others,0,1024,869,annotator301,12527a39a5152a59_Manual Label_1,12527a39a5152a59_Manual Label_1_annotator301
0,"[1, 0, 0, 0, 0, 0]",4,"[1, 0, 0, 0, 0, 0, 0]","[1, 0, 0, 0, 0, 0, 0]",54,0,3,0,6,7,7,2,8,13659.jpg,0,"[[80, 237, 70, 95]]",Others,0,640,480,annotator301,13659_Manual Label_2,13659_Manual Label_2_annotator301
