category,informationType,informativeness,sharingOwner,sharingOthers,age,gender,frequency,platform,extraversion,agreeableness,conscientiousness,neuroticism,openness,imagePath,originalDataset,bbox,DIPACategory,nationality,width,height,AnnotatorId,ObjectId,ObjectAnnotatorId
7,"[0, 0, 0, 0, 0, 1]",0,"[0, 0, 0, 0, 1, 1, 0]","[0, 0, 0, 0, 1, 1, 0]",46,0,1,0,5,5,5,4,7,125572.jpg,0,"[[108, 349, 6, 1], [550, 348, 6, 2]]",Vehicle Plate,0,640,427,annotator362,125572_license_plate_0-1,125572_license_plate_0-1_annotator362
2,"[1, 0, 1, 0, 0, 0]",6,"[0, 1, 0, 0, 0, 0, 0]","[0, 1, 0, 0, 0, 0, 0]",46,0,1,0,5,5,5,4,7,146190.jpg,0,"[[245, 212, 102, 210]]",Others,0,640,423,annotator362,146190_Object 0_0,146190_Object 0_0_annotator362
1,"[0, 1, 0, 0, 0, 0]",5,"[0, 1, 0, 0, 0, 0, 0]","[0, 1, 0, 0, 0, 0, 0]",46,0,1,0,5,5,5,4,7,00f695485d605b32.jpg,1,"[[0, 0, 1024, 612]]",Others,0,1024,768,annotator362,00f695485d605b32_House_12,00f695485d605b32_House_12_annotator362
4,"[1, 0, 1, 0, 0, 0]",6,"[0, 1, 1, 1, 0, 0, 0]","[0, 1, 1, 1, 0, 0, 0]",46,0,1,0,5,5,5,4,7,62e2f86f8228662b.jpg,1,"[[460, 147, 404, 620]]",Others,0,1024,768,annotator362,62e2f86f8228662b_Person_0,62e2f86f8228662b_Person_0_annotator362
8,"[0, 1, 0, 0, 0, 0]",6,"[0, 1, 1, 0, 0, 0, 0]","[0, 1, 1, 0, 0, 0, 0]",46,0,1,0,5,5,5,4,7,252244.jpg,0,"[[275, 157, 22, 14], [290, 10, 6, 23], [251, 172, 17, 26], [312, 105, 113, 30], [363, 178, 8, 40], [145, 13, 13, 63], [411, 135, 14, 17], [391, 136, 20, 7], [344, 86, 43, 20], [145, 85, 46, 124], [270, 12, 9, 20]]",Place Identifier,0,426,640,annotator362,252244_signboard_0-1-2-3-4-5-6-7-8-9-10,252244_signboard_0-1-2-3-4-5-6-7-8-9-10_annotator362
