category,informationType,informativeness,sharingOwner,sharingOthers,age,gender,frequency,platform,extraversion,agreeableness,conscientiousness,neuroticism,openness,imagePath,originalDataset,bbox,DIPACategory,nationality,width,height,AnnotatorId,ObjectId,ObjectAnnotatorId
3,"[1, 1, 1, 1, 0, 0]",4,"[0, 1, 1, 1, 0, 0, 0]","[1, 0, 0, 0, 0, 0, 0]",36,0,1,0,3,3,6,10,4,147bc1b2a07abe88.jpg,1,"[[168, 399, 241, 326], [204, 336, 248, 193], [443, 388, 174, 216], [816, 343, 129, 169]]",Person,0,1024,768,annotator324,147bc1b2a07abe88_Man_21-22-23-24,147bc1b2a07abe88_Man_21-22-23-24_annotator324
6,"[0, 0, 0, 0, 1, 1]",5,"[0, 1, 1, 1, 0, 0, 0]","[1, 0, 0, 0, 0, 0, 0]",36,0,1,0,3,3,6,10,4,0a7f13330a5d0023.jpg,1,"[[914, 293, 35, 20]]",Vehicle Plate,0,1024,1024,annotator324,0a7f13330a5d0023_Vehicle registration plate_1,0a7f13330a5d0023_Vehicle registration plate_1_annotator324
2,"[0, 0, 0, 0, 1, 1]",5,"[0, 1, 1, 1, 0, 0, 0]","[1, 0, 0, 0, 0, 0, 0]",36,0,1,0,3,3,6,10,4,02d1d3375f2d3dca.jpg,1,"[[427, 223, 351, 126]]",Person,0,1024,683,annotator324,02d1d3375f2d3dca_Human face_0,02d1d3375f2d3dca_Human face_0_annotator324
7,"[0, 1, 0, 0, 0, 1]",5,"[0, 1, 1, 1, 1, 0, 0]","[0, 1, 1, 1, 1, 0, 0]",36,0,1,0,3,3,6,10,4,1584.jpg,0,"[[211, 488, 52, 12], [542, 377, 9, 2], [542, 369, 11, 3]]",Vehicle Plate,0,612,612,annotator324,1584_license_plate_0-1-2,1584_license_plate_0-1-2_annotator324
5,"[1, 1, 0, 0, 0, 0]",4,"[0, 1, 1, 1, 0, 0, 0]","[1, 0, 0, 0, 0, 0, 0]",36,0,1,0,3,3,6,10,4,0a7f13330a5d0023.jpg,1,"[[628, 160, 269, 767]]",Others,0,1024,1024,annotator324,0a7f13330a5d0023_Person_0,0a7f13330a5d0023_Person_0_annotator324
1,"[0, 0, 0, 0, 1, 0]",4,"[0, 1, 1, 1, 0, 0, 0]","[1, 0, 0, 0, 0, 0, 0]",36,0,1,0,3,3,6,10,4,02d1d3375f2d3dca.jpg,1,"[[534, 278, 110, 67], [705, 291, 67, 46]]",Person,0,1024,683,annotator324,02d1d3375f2d3dca_Human eye_5-6,02d1d3375f2d3dca_Human eye_5-6_annotator324
5,"[1, 1, 1, 1, 0, 0]",4,"[0, 1, 1, 1, 0, 0, 0]","[1, 0, 0, 0, 0, 0, 0]",36,0,1,0,3,3,6,10,4,147bc1b2a07abe88.jpg,1,"[[166, 286, 780, 444]]",Others,0,1024,768,annotator324,147bc1b2a07abe88_Person_0,147bc1b2a07abe88_Person_0_annotator324
