category,informationType,informativeness,sharingOwner,sharingOthers,age,gender,frequency,platform,extraversion,agreeableness,conscientiousness,neuroticism,openness,imagePath,originalDataset,bbox,DIPACategory,nationality,width,height,AnnotatorId,ObjectId,ObjectAnnotatorId
6,"[0, 0, 1, 0, 0, 0]",4,"[0, 0, 0, 0, 1, 0, 0]","[1, 0, 0, 0, 0, 0, 0]",35,0,1,0,4,8,7,4,6,133766.jpg,0,"[[594, 72, 45, 88], [157, 63, 87, 94], [516, 70, 86, 90], [222, 0, 37, 9], [364, 0, 79, 13], [455, 211, 43, 54], [142, 208, 89, 109], [401, 71, 86, 89], [503, 210, 88, 106], [518, 0, 84, 17], [271, 64, 29, 94], [584, 212, 55, 93], [294, 0, 69, 12], [442, 0, 65, 15]]",Book,0,640,480,annotator591,133766_magazine_0-1-2-3-4-5-6-7-8-9-10-11-12-13,133766_magazine_0-1-2-3-4-5-6-7-8-9-10-11-12-13_annotator591
2,"[0, 0, 0, 0, 1, 0]",3,"[0, 0, 1, 0, 0, 0, 0]","[1, 0, 0, 0, 0, 0, 0]",35,0,1,0,4,8,7,4,6,0bc614727f291c44.jpg,1,"[[373, 585, 280, 64]]",Vehicle Plate,0,1024,1024,annotator591,0bc614727f291c44_Vehicle registration plate_0,0bc614727f291c44_Vehicle registration plate_0_annotator591
1,"[0, 1, 0, 0, 0, 0]",3,"[0, 0, 0, 0, 1, 0, 0]","[1, 0, 0, 0, 0, 0, 0]",35,0,1,0,4,8,7,4,6,ac14e7cec3fe432b.jpg,1,"[[36, 179, 245, 203], [285, 240, 169, 97]]",Scenery,0,1024,769,annotator591,ac14e7cec3fe432b_Skyscraper_0-1,ac14e7cec3fe432b_Skyscraper_0-1_annotator591
7,"[0, 1, 0, 0, 0, 0]",3,"[0, 0, 0, 0, 1, 0, 0]","[1, 0, 0, 0, 0, 0, 0]",35,0,1,0,4,8,7,4,6,133766.jpg,0,"[[171, 364, 43, 28]]",Others,0,640,480,annotator591,133766_mouse_(computer_equipment)_15,133766_mouse_(computer_equipment)_15_annotator591
3,"[0, 0, 1, 1, 0, 0]",5,"[0, 0, 1, 0, 0, 0, 0]","[0, 1, 0, 0, 0, 0, 0]",35,0,1,0,4,8,7,4,6,416451.jpg,0,"[[522, 381, 26, 97], [615, 347, 24, 86], [600, 368, 20, 36], [570, 369, 19, 12]]",Food,0,640,480,annotator591,416451_alcohol_0-1-2-3,416451_alcohol_0-1-2-3_annotator591
