category,informationType,informativeness,sharingOwner,sharingOthers,age,gender,frequency,platform,extraversion,agreeableness,conscientiousness,neuroticism,openness,imagePath,originalDataset,bbox,DIPACategory,nationality,width,height,AnnotatorId,ObjectId,ObjectAnnotatorId
5,"[0, 0, 0, 1, 0, 0]",2,"[0, 1, 0, 0, 0, 0, 0]","[0, 1, 0, 0, 0, 0, 0]",55,0,1,0,3,4,7,7,9,189820.jpg,0,"[[190, 84, 82, 113], [0, 73, 46, 54]]",Screen,0,640,427,annotator294,189820_monitor_(computer_equipment) computer_monitor_2-3,189820_monitor_(computer_equipment) computer_monitor_2-3_annotator294
1,"[1, 0, 0, 0, 0, 0]",5,"[0, 0, 0, 1, 0, 0, 0]","[0, 0, 0, 1, 0, 0, 0]",55,0,1,0,3,4,7,7,9,278796.jpg,0,"[[208, 93, 112, 91]]",Others,0,640,480,annotator294,278796_Object 0_0,278796_Object 0_0_annotator294
1,"[1, 0, 0, 0, 0, 0]",0,"[1, 0, 0, 0, 0, 0, 0]","[1, 0, 0, 0, 0, 0, 0]",55,0,1,0,3,4,7,7,9,155341.jpg,0,"[[147, 284, 247, 126]]",Others,0,640,480,annotator294,155341_Object 0_5,155341_Object 0_5_annotator294
2,"[1, 0, 0, 0, 0, 0]",4,"[0, 0, 0, 1, 0, 0, 0]","[0, 0, 0, 1, 0, 0, 0]",55,0,1,0,3,4,7,7,9,0bc24867cc06ebb6.jpg,1,"[[55, 423, 123, 52]]",Vehicle Plate,0,1024,683,annotator294,0bc24867cc06ebb6_Vehicle registration plate_2,0bc24867cc06ebb6_Vehicle registration plate_2_annotator294
