category,informationType,informativeness,sharingOwner,sharingOthers,age,gender,frequency,platform,extraversion,agreeableness,conscientiousness,neuroticism,openness,imagePath,originalDataset,bbox,DIPACategory,nationality,width,height,AnnotatorId,ObjectId,ObjectAnnotatorId
1,"[0, 1, 0, 0, 0, 0]",0,"[1, 0, 0, 0, 0, 0, 0]","[1, 0, 0, 0, 0, 0, 0]",48,0,2,0,6,6,9,6,8,06b024413ad385a7.jpg,1,"[[451, 163, 141, 54]]",Others,0,1024,773,annotator21,06b024413ad385a7_Object 0_2,06b024413ad385a7_Object 0_2_annotator21
2,"[0, 1, 0, 0, 0, 0]",3,"[1, 0, 0, 0, 0, 0, 0]","[0, 0, 1, 0, 0, 0, 0]",48,0,2,0,6,6,9,6,8,01d3fdb0f6383edb.jpg,1,"[[0, 0, 890, 685]]",Place Identifier,0,1024,685,annotator21,01d3fdb0f6383edb_Traffic sign_0,01d3fdb0f6383edb_Traffic sign_0_annotator21
4,"[1, 1, 0, 0, 1, 0]",4,"[0, 0, 0, 0, 0, 1, 0]","[0, 1, 0, 1, 0, 1, 0]",48,0,2,0,6,6,9,6,8,10764.jpg,0,"[[220, 140, 139, 159]]",Clothing,0,640,424,annotator21,10764_jersey_0,10764_jersey_0_annotator21
5,"[1, 1, 0, 0, 1, 0]",0,"[1, 0, 0, 0, 0, 0, 0]","[1, 0, 0, 0, 0, 0, 0]",48,0,2,0,6,6,9,6,8,104381.jpg,0,"[[138, 311, 3, 1], [127, 314, 3, 2], [173, 316, 3, 2], [244, 359, 43, 22]]",Vehicle Plate,0,375,500,annotator21,104381_license_plate_0-1-2-3,104381_license_plate_0-1-2-3_annotator21
10,"[1, 0, 0, 1, 0, 0]",3,"[0, 0, 0, 1, 0, 0, 0]","[0, 0, 0, 1, 0, 0, 0]",48,0,2,0,6,6,9,6,8,146162.jpg,0,"[[224, 17, 201, 98]]",Others,0,640,574,annotator21,146162_visor_2,146162_visor_2_annotator21
1,"[0, 1, 0, 1, 0, 0]",3,"[0, 0, 0, 0, 0, 1, 0]","[0, 0, 0, 0, 1, 1, 0]",48,0,2,0,6,6,9,6,8,133645.jpg,0,"[[199, 178, 170, 118]]",Others,0,640,427,annotator21,133645_Object 0_7,133645_Object 0_7_annotator21
1,"[0, 1, 0, 0, 0, 0]",4,"[0, 1, 1, 0, 0, 0, 0]","[0, 1, 1, 1, 0, 0, 0]",48,0,2,0,6,6,9,6,8,150874.jpg,0,"[[203, 97, 111, 118]]",Others,0,640,353,annotator21,150874_Object 0_0,150874_Object 0_0_annotator21
9,"[1, 0, 0, 1, 0, 0]",3,"[0, 0, 0, 1, 0, 0, 0]","[0, 0, 0, 1, 0, 0, 0]",48,0,2,0,6,6,9,6,8,146162.jpg,0,"[[325, 175, 220, 210]]",Others,0,640,574,annotator21,146162_tennis_racket_1,146162_tennis_racket_1_annotator21
6,"[0, 0, 0, 1, 0, 0]",1,"[1, 0, 0, 0, 0, 0, 0]","[0, 0, 0, 1, 0, 0, 0]",48,0,2,0,6,6,9,6,8,118234.jpg,0,"[[0, 0, 428, 640]]",Others,0,428,640,annotator21,118234_refrigerator_0,118234_refrigerator_0_annotator21
