category,informationType,informativeness,sharingOwner,sharingOthers,age,gender,frequency,platform,extraversion,agreeableness,conscientiousness,neuroticism,openness,imagePath,originalDataset,bbox,DIPACategory,nationality,width,height,AnnotatorId,ObjectId,ObjectAnnotatorId
4,"[1, 1, 1, 0, 0, 0]",0,"[1, 0, 0, 0, 0, 0, 0]","[1, 0, 0, 0, 0, 0, 0]",52,0,3,0,6,9,5,8,6,45156879c5dac37d.jpg,1,"[[584, 223, 176, 227]]",Others,0,1024,680,annotator149,45156879c5dac37d_Person_0,45156879c5dac37d_Person_0_annotator149
9,"[0, 0, 0, 1, 1, 0]",1,"[1, 0, 0, 0, 0, 0, 0]","[1, 0, 0, 0, 0, 0, 0]",52,0,3,0,6,9,5,8,6,172595.jpg,0,"[[254, 33, 81, 66], [349, 19, 118, 143], [478, 1, 76, 96], [588, 6, 51, 96]]",Screen,0,640,360,annotator149,172595_monitor_(computer_equipment) computer_monitor_0-1-2-3,172595_monitor_(computer_equipment) computer_monitor_0-1-2-3_annotator149
2,"[1, 0, 0, 0, 0, 0]",0,"[1, 0, 0, 0, 0, 0, 0]","[1, 0, 0, 0, 0, 0, 0]",52,0,3,0,6,9,5,8,6,149623.jpg,0,"[[316, 23, 77, 70]]",Others,0,640,444,annotator149,149623_Object 0_1,149623_Object 0_1_annotator149
10,"[0, 0, 0, 0, 0, 1]",3,"[0, 1, 1, 0, 0, 0, 0]","[0, 1, 0, 0, 0, 0, 0]",52,0,3,0,6,9,5,8,6,82705.jpg,0,"[[436, 4, 170, 103]]",Identity,0,640,480,annotator149,82705_passport_0,82705_passport_0_annotator149
6,"[0, 0, 0, 1, 0, 0]",5,"[0, 1, 1, 1, 1, 0, 0]","[0, 0, 0, 1, 0, 0, 0]",52,0,3,0,6,9,5,8,6,149623.jpg,0,"[[131, 259, 65, 128]]",Pet,0,640,444,annotator149,149623_dog_0,149623_dog_0_annotator149
1,"[0, 1, 0, 0, 0, 0]",2,"[0, 1, 1, 0, 0, 0, 0]","[0, 1, 0, 0, 0, 0, 0]",52,0,3,0,6,9,5,8,6,45156879c5dac37d.jpg,1,"[[0, 120, 769, 559]]",Others,0,1024,680,annotator149,45156879c5dac37d_Medical equipment_1,45156879c5dac37d_Medical equipment_1_annotator149
7,"[0, 1, 1, 1, 0, 0]",4,"[0, 1, 1, 0, 0, 0, 0]","[0, 1, 0, 0, 0, 0, 0]",52,0,3,0,6,9,5,8,6,1ef78414c8864ddd.jpg,1,"[[149, 48, 339, 530]]",Others,0,640,640,annotator149,1ef78414c8864ddd_identity_0,1ef78414c8864ddd_identity_0_annotator149
