category,informationType,informativeness,sharingOwner,sharingOthers,age,gender,frequency,platform,extraversion,agreeableness,conscientiousness,neuroticism,openness,imagePath,originalDataset,bbox,DIPACategory,nationality,width,height,AnnotatorId,ObjectId,ObjectAnnotatorId
7,"[1, 0, 0, 0, 0, 0]",3,"[1, 0, 0, 0, 0, 0, 0]","[1, 0, 0, 0, 0, 0, 0]",21,0,0,0,2,9,7,6,7,00cdf56c63191fd3.jpg,1,"[[42, 22, 422, 792], [555, 470, 425, 351]]",Person,0,1024,871,annotator427,00cdf56c63191fd3_Woman_14-15,00cdf56c63191fd3_Woman_14-15_annotator427
2,"[1, 0, 0, 0, 0, 0]",4,"[1, 0, 0, 0, 0, 0, 0]","[1, 0, 0, 0, 0, 0, 0]",21,0,0,0,2,9,7,6,7,00cdf56c63191fd3.jpg,1,"[[42, 30, 425, 784], [557, 470, 419, 346]]",Person,0,1024,871,annotator427,00cdf56c63191fd3_Girl_6-7,00cdf56c63191fd3_Girl_6-7_annotator427
1,"[1, 0, 0, 0, 0, 0]",3,"[1, 0, 0, 0, 0, 0, 0]","[1, 0, 0, 0, 0, 0, 0]",21,0,0,0,2,9,7,6,7,00cdf56c63191fd3.jpg,1,"[[30, 126, 993, 686]]",Clothing,0,1024,871,annotator427,00cdf56c63191fd3_Clothing_9,00cdf56c63191fd3_Clothing_9_annotator427
4,"[0, 0, 0, 0, 1, 0]",5,"[1, 0, 0, 0, 0, 0, 0]","[1, 0, 0, 0, 0, 0, 0]",21,0,0,0,2,9,7,6,7,00cdf56c63191fd3.jpg,1,"[[56, 359, 97, 461], [86, 381, 158, 438], [328, 755, 141, 40], [558, 746, 197, 64], [638, 748, 223, 71], [642, 743, 255, 80]]",Person,0,1024,871,annotator427,00cdf56c63191fd3_Human leg_0-1-2-3-4-5,00cdf56c63191fd3_Human leg_0-1-2-3-4-5_annotator427
8,"[1, 0, 0, 0, 0, 0]",0,"[1, 0, 0, 0, 0, 0, 0]","[1, 0, 0, 0, 0, 0, 0]",21,0,0,0,2,9,7,6,7,104621.jpg,0,"[[330, 178, 26, 13], [193, 174, 24, 13], [453, 117, 12, 6], [398, 106, 6, 4]]",Vehicle Plate,0,640,480,annotator427,104621_license_plate_2-3-4-5,104621_license_plate_2-3-4-5_annotator427
