category,informationType,informativeness,sharingOwner,sharingOthers,age,gender,frequency,platform,extraversion,agreeableness,conscientiousness,neuroticism,openness,imagePath,originalDataset,bbox,DIPACategory,nationality,width,height,AnnotatorId,ObjectId,ObjectAnnotatorId
3,"[1, 1, 1, 0, 0, 0]",4,"[1, 0, 0, 0, 0, 0, 0]","[1, 0, 0, 0, 0, 0, 0]",45,0,1,0,6,6,10,3,10,104188.jpg,0,"[[228, 98, 77, 95]]",Others,0,640,481,annotator499,104188_Manual Label_2,104188_Manual Label_2_annotator499
7,"[0, 0, 0, 0, 0, 1]",4,"[1, 0, 0, 0, 0, 0, 0]","[1, 0, 0, 0, 0, 0, 0]",45,0,1,0,6,6,10,3,10,104188.jpg,0,"[[251, 137, 43, 9]]",Others,0,640,481,annotator499,104188_spectacles_1,104188_spectacles_1_annotator499
3,"[1, 1, 0, 1, 0, 0]",4,"[1, 0, 0, 0, 0, 0, 0]","[1, 0, 0, 0, 0, 0, 0]",45,0,1,0,6,6,10,3,10,104188.jpg,0,"[[352, 138, 60, 66]]",Others,0,640,481,annotator499,104188_Manual Label_1,104188_Manual Label_1_annotator499
6,"[0, 1, 0, 0, 0, 0]",4,"[1, 0, 0, 0, 0, 0, 0]","[1, 0, 0, 0, 0, 0, 0]",45,0,1,0,6,6,10,3,10,104188.jpg,0,"[[170, 254, 363, 218]]",Home interior,0,640,481,annotator499,104188_sofa_0,104188_sofa_0_annotator499
2,"[1, 0, 0, 0, 0, 0]",6,"[1, 0, 0, 0, 0, 0, 0]","[1, 0, 0, 0, 0, 0, 0]",45,0,1,0,6,6,10,3,10,2110e5d8ca7e5a99.jpg,1,"[[656, 332, 204, 171]]",Person,0,1024,768,annotator499,2110e5d8ca7e5a99_Human head_2,2110e5d8ca7e5a99_Human head_2_annotator499
4,"[0, 0, 0, 0, 0, 1]",0,"[1, 0, 0, 0, 0, 0, 0]","[1, 0, 0, 0, 0, 0, 0]",45,0,1,0,6,6,10,3,10,104188.jpg,0,"[[16, 72, 531, 386]]",Others,0,640,481,annotator499,104188_Object 0_8,104188_Object 0_8_annotator499
1,"[1, 0, 0, 0, 0, 0]",6,"[1, 0, 0, 0, 0, 0, 0]","[1, 0, 0, 0, 0, 0, 0]",45,0,1,0,6,6,10,3,10,2110e5d8ca7e5a99.jpg,1,"[[659, 329, 200, 176]]",Person,0,1024,768,annotator499,2110e5d8ca7e5a99_Human face_0,2110e5d8ca7e5a99_Human face_0_annotator499
