category,informationType,informativeness,sharingOwner,sharingOthers,age,gender,frequency,platform,extraversion,agreeableness,conscientiousness,neuroticism,openness,imagePath,originalDataset,bbox,DIPACategory,nationality,width,height,AnnotatorId,ObjectId,ObjectAnnotatorId
5,"[0, 0, 1, 0, 0, 0]",4,"[0, 1, 1, 0, 0, 0, 0]","[0, 1, 1, 1, 0, 0, 0]",28,0,0,0,3,7,6,9,6,203982.jpg,0,"[[246, 295, 35, 15], [255, 305, 27, 11], [275, 286, 38, 17]]",Book,0,546,366,annotator515,203982_magazine_0-1-2,203982_magazine_0-1-2_annotator515
2,"[0, 1, 0, 0, 0, 0]",3,"[0, 1, 1, 0, 0, 0, 0]","[0, 1, 1, 0, 0, 0, 0]",28,0,0,0,3,7,6,9,6,207206c41c624c21.jpg,1,"[[6, 254, 274, 278]]",Others,0,691,1024,annotator515,207206c41c624c21_Object 0_26,207206c41c624c21_Object 0_26_annotator515
1,"[0, 1, 0, 0, 0, 0]",2,"[0, 1, 1, 0, 0, 0, 0]","[0, 1, 1, 0, 0, 0, 0]",28,0,0,0,3,7,6,9,6,205808.jpg,0,"[[91, 312, 263, 258]]",Others,0,384,640,annotator515,205808_Manual Label_0,205808_Manual Label_0_annotator515
6,"[1, 0, 0, 0, 0, 0]",4,"[0, 1, 0, 0, 0, 0, 0]","[1, 0, 0, 0, 0, 0, 0]",28,0,0,0,3,7,6,9,6,125952.jpg,0,"[[154, 426, 45, 47], [274, 315, 34, 37]]",Printed Material,0,358,640,annotator515,125952_tag_0-1,125952_tag_0-1_annotator515
3,"[0, 1, 0, 0, 0, 0]",0,"[0, 1, 0, 0, 0, 0, 0]","[1, 0, 0, 0, 0, 0, 0]",28,0,0,0,3,7,6,9,6,0028b67eca22894b.jpg,1,"[[3, 0, 993, 604]]",Others,0,996,611,annotator515,0028b67eca22894b_identity_0,0028b67eca22894b_identity_0_annotator515
