category,informationType,informativeness,sharingOwner,sharingOthers,age,gender,frequency,platform,extraversion,agreeableness,conscientiousness,neuroticism,openness,imagePath,originalDataset,bbox,DIPACategory,nationality,width,height,AnnotatorId,ObjectId,ObjectAnnotatorId
2,"[0, 1, 0, 0, 1, 0]",5,"[0, 1, 1, 0, 0, 0, 0]","[1, 0, 0, 0, 0, 0, 0]",60,0,1,0,6,9,7,3,7,2995bebb788ad1ba.jpg,1,"[[249, 304, 57, 198], [294, 332, 284, 156]]",Others,0,1024,768,annotator325,2995bebb788ad1ba_Desk_1-2,2995bebb788ad1ba_Desk_1-2_annotator325
8,"[0, 0, 1, 0, 0, 0]",5,"[0, 1, 0, 0, 0, 0, 0]","[1, 0, 0, 0, 0, 0, 0]",60,0,1,0,6,9,7,3,7,15956.jpg,0,"[[371, 139, 73, 197]]",Person,0,640,480,annotator325,15956_person_0,15956_person_0_annotator325
4,"[0, 1, 0, 0, 0, 0]",3,"[0, 0, 1, 0, 0, 0, 0]","[1, 0, 0, 0, 0, 0, 0]",60,0,1,0,6,9,7,3,7,2995bebb788ad1ba.jpg,1,"[[0, 0, 1024, 768]]",Place Identifier,0,1024,768,annotator325,2995bebb788ad1ba_Office building_3,2995bebb788ad1ba_Office building_3_annotator325
9,"[1, 1, 0, 0, 0, 0]",5,"[0, 1, 1, 0, 0, 0, 0]","[1, 0, 0, 0, 0, 0, 0]",60,0,1,0,6,9,7,3,7,334609.jpg,0,"[[180, 145, 39, 12]]",Others,0,480,640,annotator325,334609_spectacles_0,334609_spectacles_0_annotator325
1,"[1, 0, 1, 0, 0, 0]",4,"[0, 1, 0, 0, 0, 0, 0]","[1, 0, 0, 0, 0, 0, 0]",60,0,1,0,6,9,7,3,7,1bd688207325716e.jpg,1,"[[124, 137, 65, 72], [131, 507, 89, 112], [289, 39, 44, 105], [297, 457, 62, 81], [363, 116, 40, 73], [726, 150, 25, 83], [750, 475, 44, 51], [774, 97, 30, 97], [784, 185, 49, 46], [785, 486, 41, 54], [804, 113, 36, 35], [827, 518, 51, 31], [907, 121, 22, 113]]",Clothing,0,1024,768,annotator325,1bd688207325716e_Clothing_15-16-17-18-19-20-21-22-23-24-25-26-27,1bd688207325716e_Clothing_15-16-17-18-19-20-21-22-23-24-25-26-27_annotator325
6,"[1, 0, 0, 0, 0, 0]",5,"[1, 0, 0, 0, 0, 0, 0]","[1, 0, 0, 0, 0, 0, 0]",60,0,1,0,6,9,7,3,7,0170ea8e1a33375a.jpg,1,"[[0, 89, 22, 16], [593, 433, 146, 98], [924, 120, 43, 27]]",Vehicle Plate,0,1024,683,annotator325,0170ea8e1a33375a_Vehicle registration plate_0-1-2,0170ea8e1a33375a_Vehicle registration plate_0-1-2_annotator325
