category,informationType,informativeness,sharingOwner,sharingOthers,age,gender,frequency,platform,extraversion,agreeableness,conscientiousness,neuroticism,openness,imagePath,originalDataset,bbox,DIPACategory,nationality,width,height,AnnotatorId,ObjectId,ObjectAnnotatorId
6,"[1, 0, 0, 1, 0, 0]",4,"[0, 1, 1, 1, 0, 0, 0]","[0, 1, 1, 0, 0, 0, 0]",33,0,2,0,5,6,5,4,9,104510.jpg,0,"[[0, 0, 478, 422]]",Pet,0,640,427,annotator93,104510_cat_0,104510_cat_0_annotator93
2,"[1, 0, 0, 0, 0, 0]",1,"[0, 1, 1, 1, 1, 1, 0]","[0, 1, 1, 1, 1, 1, 0]",33,0,2,0,5,6,5,4,9,7099ff7cb69fc7fd.jpg,1,"[[196, 290, 49, 69]]",Others,0,1024,683,annotator93,7099ff7cb69fc7fd_Person_0,7099ff7cb69fc7fd_Person_0_annotator93
1,"[1, 1, 0, 1, 1, 0]",5,"[0, 1, 1, 1, 0, 0, 0]","[0, 1, 0, 0, 0, 0, 0]",33,0,2,0,5,6,5,4,9,7099ff7cb69fc7fd.jpg,1,"[[0, 0, 1022, 679]]",Place Identifier,0,1024,683,annotator93,7099ff7cb69fc7fd_Office building_3,7099ff7cb69fc7fd_Office building_3_annotator93
7,"[1, 1, 0, 1, 0, 0]",3,"[0, 1, 1, 1, 1, 0, 0]","[0, 1, 1, 1, 1, 0, 0]",33,0,2,0,5,6,5,4,9,17ef06ab2c9e5e0c.jpg,1,"[[663, 286, 997, 626]]",Others,0,1024,683,annotator93,17ef06ab2c9e5e0c_identity_0,17ef06ab2c9e5e0c_identity_0_annotator93
3,"[0, 0, 0, 0, 1, 0]",0,"[0, 1, 1, 1, 1, 0, 0]","[0, 1, 1, 1, 1, 0, 0]",33,0,2,0,5,6,5,4,9,7099ff7cb69fc7fd.jpg,1,"[[302, 379, 700, 205]]",Table,0,1024,683,annotator93,7099ff7cb69fc7fd_Table_2,7099ff7cb69fc7fd_Table_2_annotator93
