category,informationType,informativeness,sharingOwner,sharingOthers,age,gender,frequency,platform,extraversion,agreeableness,conscientiousness,neuroticism,openness,imagePath,originalDataset,bbox,DIPACategory,nationality,width,height,AnnotatorId,ObjectId,ObjectAnnotatorId
5,"[1, 0, 0, 0, 0, 0]",4,"[1, 0, 0, 0, 0, 0, 0]","[1, 0, 0, 0, 0, 0, 0]",45,0,1,0,4,6,8,4,6,183d324e540ba20f.jpg,1,"[[4, 41, 809, 635]]",Others,0,1024,676,annotator261,183d324e540ba20f_identity_0,183d324e540ba20f_identity_0_annotator261
2,"[1, 0, 0, 0, 0, 0]",6,"[1, 0, 0, 0, 0, 0, 0]","[1, 0, 0, 0, 0, 0, 0]",45,0,1,0,4,6,8,4,6,3cf84110ea52ff43.jpg,1,"[[70, 20, 458, 594], [697, 83, 156, 531], [886, 100, 136, 481]]",Others,0,1024,616,annotator261,3cf84110ea52ff43_Mammal_1-2-3,3cf84110ea52ff43_Mammal_1-2-3_annotator261
1,"[1, 0, 0, 0, 0, 0]",4,"[0, 1, 0, 0, 0, 0, 0]","[0, 1, 0, 0, 0, 0, 0]",45,0,1,0,4,6,8,4,6,19e3ac5e567dbd8a.jpg,1,"[[473, 102, 278, 348]]",Person,0,1024,768,annotator261,19e3ac5e567dbd8a_Human head_1,19e3ac5e567dbd8a_Human head_1_annotator261
6,"[1, 0, 0, 0, 0, 0]",4,"[0, 1, 1, 0, 0, 0, 0]","[0, 1, 0, 0, 0, 0, 0]",45,0,1,0,4,6,8,4,6,227734.jpg,0,"[[174, 241, 8, 12]]",Accessory,0,640,427,annotator261,227734_ring_25,227734_ring_25_annotator261
3,"[1, 0, 0, 0, 0, 0]",4,"[0, 1, 0, 0, 0, 0, 0]","[0, 1, 0, 0, 0, 0, 0]",45,0,1,0,4,6,8,4,6,00dc0530e6779ca6.jpg,1,"[[145, 138, 140, 356], [241, 256, 81, 178], [347, 341, 84, 172], [412, 385, 117, 138], [557, 293, 123, 589]]",Others,0,683,1024,annotator261,00dc0530e6779ca6_Person_0-1-2-3-4,00dc0530e6779ca6_Person_0-1-2-3-4_annotator261
