category,informationType,informativeness,sharingOwner,sharingOthers,age,gender,frequency,platform,extraversion,agreeableness,conscientiousness,neuroticism,openness,imagePath,originalDataset,bbox,DIPACategory,nationality,width,height,AnnotatorId,ObjectId,ObjectAnnotatorId
6,"[1, 1, 0, 0, 0, 0]",2,"[1, 0, 0, 0, 0, 0, 0]","[1, 0, 0, 0, 0, 0, 0]",29,0,3,0,4,7,6,6,4,12670.jpg,0,"[[21, 24, 608, 392]]",Others,0,640,428,annotator53,12670_Object 0_20,12670_Object 0_20_annotator53
2,"[1, 0, 0, 1, 0, 0]",3,"[1, 0, 0, 0, 0, 0, 0]","[1, 0, 0, 0, 0, 0, 0]",29,0,3,0,4,7,6,6,4,15328b6de1a77577.jpg,1,"[[224, 458, 18, 11], [499, 400, 17, 10], [533, 413, 26, 10]]",Person,0,1024,640,annotator53,15328b6de1a77577_Human eye_2-3-4,15328b6de1a77577_Human eye_2-3-4_annotator53
1,"[1, 0, 0, 0, 0, 0]",4,"[0, 1, 0, 0, 0, 0, 0]","[1, 0, 0, 0, 0, 0, 0]",29,0,3,0,4,7,6,6,4,15328b6de1a77577.jpg,1,"[[292, 130, 24, 21], [391, 343, 210, 172]]",Person,0,1024,640,annotator53,15328b6de1a77577_Girl_8-9,15328b6de1a77577_Girl_8-9_annotator53
4,"[1, 0, 0, 1, 0, 0]",2,"[1, 0, 0, 0, 0, 0, 0]","[1, 0, 0, 0, 0, 0, 0]",29,0,3,0,4,7,6,6,4,d28b0623189d348b.jpg,1,"[[755, 535, 51, 78]]",Others,0,1024,804,annotator53,d28b0623189d348b_Mammal_0,d28b0623189d348b_Mammal_0_annotator53
7,"[0, 0, 0, 1, 0, 0]",0,"[0, 1, 1, 1, 0, 0, 0]","[1, 0, 0, 0, 0, 0, 0]",29,0,3,0,4,7,6,6,4,198641.jpg,0,"[[422, 189, 138, 103], [572, 269, 35, 38]]",Others,0,640,479,annotator53,198641_clock_6-7,198641_clock_6-7_annotator53
