category,informationType,informativeness,sharingOwner,sharingOthers,age,gender,frequency,platform,extraversion,agreeableness,conscientiousness,neuroticism,openness,imagePath,originalDataset,bbox,DIPACategory,nationality,width,height,AnnotatorId,ObjectId,ObjectAnnotatorId
5,"[1, 0, 0, 0, 0, 0]",4,"[1, 0, 0, 0, 0, 0, 0]","[1, 0, 0, 0, 0, 0, 0]",30,0,2,0,7,3,8,7,10,07b75881c1ffc059.jpg,1,"[[446, 223, 271, 276]]",Others,0,800,600,annotator221,07b75881c1ffc059_identity_0,07b75881c1ffc059_identity_0_annotator221
1,"[1, 0, 0, 0, 0, 0]",4,"[1, 0, 0, 0, 0, 0, 0]","[1, 0, 0, 0, 0, 0, 0]",30,0,2,0,7,3,8,7,10,200764.jpg,0,"[[18, 32, 498, 145]]",Others,0,480,640,annotator221,200764_Manual Label_0,200764_Manual Label_0_annotator221
1,"[1, 0, 0, 0, 0, 0]",4,"[1, 0, 0, 0, 0, 0, 0]","[1, 0, 0, 0, 0, 0, 0]",30,0,2,0,7,3,8,7,10,07b75881c1ffc059.jpg,1,"[[100, 36, 396, 516]]",Others,0,800,600,annotator221,07b75881c1ffc059_Manual Label_0,07b75881c1ffc059_Manual Label_0_annotator221
6,"[1, 0, 0, 0, 1, 0]",4,"[1, 0, 0, 0, 0, 0, 0]","[1, 0, 0, 0, 0, 0, 0]",30,0,2,0,7,3,8,7,10,17582.jpg,0,"[[140, 62, 69, 169], [212, 37, 86, 195], [70, 33, 71, 199]]",Person,0,350,233,annotator221,17582_person_0-1-2,17582_person_0-1-2_annotator221
2,"[1, 0, 0, 0, 0, 0]",3,"[0, 1, 1, 0, 0, 0, 0]","[0, 1, 1, 1, 0, 0, 0]",30,0,2,0,7,3,8,7,10,274724.jpg,0,"[[216, 114, 106, 117]]",Others,0,480,640,annotator221,274724_Object 0_0,274724_Object 0_0_annotator221
