category,informationType,informativeness,sharingOwner,sharingOthers,age,gender,frequency,platform,extraversion,agreeableness,conscientiousness,neuroticism,openness,imagePath,originalDataset,bbox,DIPACategory,nationality,width,height,AnnotatorId,ObjectId,ObjectAnnotatorId
7,"[0, 0, 1, 0, 0, 0]",4,"[0, 0, 1, 0, 0, 0, 0]","[0, 0, 1, 0, 0, 0, 0]",55,0,2,0,6,6,8,4,6,5a883350d0ae01a3.jpg,1,"[[153, 400, 369, 446]]",Table,0,768,1024,annotator396,5a883350d0ae01a3_Table_1,5a883350d0ae01a3_Table_1_annotator396
2,"[1, 0, 0, 0, 0, 0]",6,"[0, 1, 0, 0, 0, 0, 0]","[1, 0, 0, 0, 0, 0, 0]",55,0,2,0,6,6,8,4,6,140d247f79fc0516.jpg,1,"[[204, 532, 93, 93]]",Person,0,1024,829,annotator396,140d247f79fc0516_Human face_4,140d247f79fc0516_Human face_4_annotator396
1,"[0, 1, 0, 0, 0, 0]",5,"[0, 0, 0, 0, 1, 0, 0]","[0, 0, 0, 0, 1, 0, 0]",55,0,2,0,6,6,8,4,6,9e3b268c8f585dbc.jpg,1,"[[0, 0, 1024, 430]]",Others,0,1024,430,annotator396,9e3b268c8f585dbc_Building_0,9e3b268c8f585dbc_Building_0_annotator396
4,"[1, 0, 0, 0, 0, 0]",6,"[0, 1, 0, 0, 0, 0, 0]","[1, 0, 0, 0, 0, 0, 0]",55,0,2,0,6,6,8,4,6,186720.jpg,0,"[[95, 229, 165, 127]]",Others,0,517,640,annotator396,186720_Object 0_0,186720_Object 0_0_annotator396
8,"[0, 1, 0, 0, 0, 0]",5,"[0, 0, 0, 0, 1, 0, 0]","[0, 0, 0, 0, 1, 0, 0]",55,0,2,0,6,6,8,4,6,9e3b268c8f585dbc.jpg,1,"[[543, 37, 61, 247]]",Others,0,1024,430,annotator396,9e3b268c8f585dbc_Tower_16,9e3b268c8f585dbc_Tower_16_annotator396
