category,informationType,informativeness,sharingOwner,sharingOthers,age,gender,frequency,platform,extraversion,agreeableness,conscientiousness,neuroticism,openness,imagePath,originalDataset,bbox,DIPACategory,nationality,width,height,AnnotatorId,ObjectId,ObjectAnnotatorId
2,"[0, 0, 1, 0, 0, 0]",3,"[0, 1, 1, 1, 1, 0, 0]","[0, 1, 1, 1, 1, 1, 0]",35,0,1,0,5,4,8,9,8,3cf84110ea52ff43.jpg,1,"[[318, 102, 356, 444]]",Others,0,1024,616,annotator445,3cf84110ea52ff43_Manual Label_0,3cf84110ea52ff43_Manual Label_0_annotator445
8,"[1, 0, 0, 0, 0, 0]",4,"[0, 1, 1, 1, 0, 0, 0]","[0, 1, 1, 1, 0, 0, 0]",35,0,1,0,5,4,8,9,8,227734.jpg,0,"[[174, 241, 8, 12]]",Accessory,0,640,427,annotator445,227734_ring_25,227734_ring_25_annotator445
4,"[1, 0, 0, 0, 0, 0]",6,"[0, 1, 1, 1, 0, 0, 0]","[0, 1, 1, 1, 0, 0, 0]",35,0,1,0,5,4,8,9,8,3cf84110ea52ff43.jpg,1,"[[0, 20, 1024, 595]]",Others,0,1024,616,annotator445,3cf84110ea52ff43_Person_0,3cf84110ea52ff43_Person_0_annotator445
9,"[0, 0, 1, 0, 0, 0]",3,"[0, 1, 1, 1, 1, 0, 0]","[0, 1, 1, 1, 1, 0, 0]",35,0,1,0,5,4,8,9,8,227734.jpg,0,"[[161, 217, 29, 134]]",Others,0,640,427,annotator445,227734_tongs_29,227734_tongs_29_annotator445
1,"[1, 0, 0, 0, 0, 0]",6,"[0, 1, 1, 1, 1, 0, 0]","[0, 1, 1, 1, 0, 0, 0]",35,0,1,0,5,4,8,9,8,19e3ac5e567dbd8a.jpg,1,"[[473, 102, 278, 348]]",Person,0,1024,768,annotator445,19e3ac5e567dbd8a_Human head_1,19e3ac5e567dbd8a_Human head_1_annotator445
6,"[1, 0, 0, 0, 0, 0]",4,"[0, 1, 1, 1, 1, 0, 0]","[0, 1, 1, 0, 0, 0, 0]",35,0,1,0,5,4,8,9,8,183d324e540ba20f.jpg,1,"[[4, 41, 809, 635]]",Others,0,1024,676,annotator445,183d324e540ba20f_identity_0,183d324e540ba20f_identity_0_annotator445
