category,informationType,informativeness,sharingOwner,sharingOthers,age,gender,frequency,platform,extraversion,agreeableness,conscientiousness,neuroticism,openness,imagePath,originalDataset,bbox,DIPACategory,nationality,width,height,AnnotatorId,ObjectId,ObjectAnnotatorId
5,"[0, 1, 0, 0, 0, 0]",4,"[0, 0, 1, 0, 0, 0, 0]","[0, 0, 0, 0, 1, 0, 0]",26,0,0,0,5,7,5,6,5,136131.jpg,0,"[[73, 133, 196, 223]]",Others,0,425,640,annotator486,136131_statue_(sculpture)_0,136131_statue_(sculpture)_0_annotator486
2,"[1, 0, 0, 0, 0, 0]",6,"[0, 1, 0, 0, 0, 0, 0]","[1, 0, 0, 0, 0, 0, 0]",26,0,0,0,5,7,5,6,5,147415.jpg,0,"[[84, 223, 292, 240]]",Screen,0,640,480,annotator486,147415_laptop_computer_0,147415_laptop_computer_0_annotator486
1,"[1, 0, 0, 0, 0, 0]",6,"[0, 1, 0, 0, 0, 0, 0]","[1, 0, 0, 0, 0, 0, 0]",26,0,0,0,5,7,5,6,5,147415.jpg,0,"[[2, 370, 112, 46], [10, 382, 105, 28], [0, 357, 116, 47]]",Others,0,640,480,annotator486,147415_envelope_3-4-5,147415_envelope_3-4-5_annotator486
2,"[1, 0, 0, 0, 0, 0]",6,"[1, 0, 0, 0, 0, 0, 0]","[1, 0, 0, 0, 0, 0, 0]",26,0,0,0,5,7,5,6,5,254420.jpg,0,"[[208, 261, 124, 83]]",Screen,0,640,427,annotator486,254420_laptop_computer_3,254420_laptop_computer_3_annotator486
