category,informationType,informativeness,sharingOwner,sharingOthers,age,gender,frequency,platform,extraversion,agreeableness,conscientiousness,neuroticism,openness,imagePath,originalDataset,bbox,DIPACategory,nationality,width,height,AnnotatorId,ObjectId,ObjectAnnotatorId
6,"[1, 0, 0, 0, 1, 0]",1,"[0, 1, 1, 1, 1, 0, 0]","[0, 1, 1, 1, 1, 0, 0]",21,0,1,0,6,6,6,6,7,124786.jpg,0,"[[390, 192, 3, 2], [460, 358, 17, 21], [468, 196, 5, 2]]",Vehicle Plate,0,478,640,annotator513,124786_license_plate_1-2-3,124786_license_plate_1-2-3_annotator513
2,"[1, 0, 0, 0, 1, 0]",6,"[0, 1, 1, 1, 0, 0, 0]","[0, 1, 1, 0, 0, 0, 0]",21,0,1,0,6,6,6,6,7,124786.jpg,0,"[[127, 131, 62, 80]]",Others,0,478,640,annotator513,124786_Object 0_4,124786_Object 0_4_annotator513
1,"[1, 0, 1, 1, 0, 0]",0,"[0, 1, 1, 1, 1, 1, 0]","[0, 1, 1, 1, 1, 1, 0]",21,0,1,0,6,6,6,6,7,42c05e6f790f4ef6.jpg,1,"[[315, 208, 291, 324], [889, 159, 132, 200]]",Person,0,1024,768,annotator513,42c05e6f790f4ef6_Man_7-8,42c05e6f790f4ef6_Man_7-8_annotator513
3,"[0, 0, 1, 1, 0, 0]",6,"[0, 1, 1, 1, 1, 1, 0]","[0, 1, 1, 1, 1, 1, 0]",21,0,1,0,6,6,6,6,7,42c05e6f790f4ef6.jpg,1,"[[718, 198, 236, 255], [881, 159, 142, 238]]",Others,0,1024,768,annotator513,42c05e6f790f4ef6_Person_0-1,42c05e6f790f4ef6_Person_0-1_annotator513
7,"[0, 0, 1, 1, 0, 0]",1,"[0, 0, 0, 0, 0, 1, 0]","[0, 0, 0, 0, 0, 1, 0]",21,0,1,0,6,6,6,6,7,124786.jpg,0,"[[139, 211, 33, 23]]",Accessory,0,478,640,annotator513,124786_necklace_5,124786_necklace_5_annotator513
