category,informationType,informativeness,sharingOwner,sharingOthers,age,gender,frequency,platform,extraversion,agreeableness,conscientiousness,neuroticism,openness,imagePath,originalDataset,bbox,DIPACategory,nationality,width,height,AnnotatorId,ObjectId,ObjectAnnotatorId
6,"[0, 0, 0, 1, 0, 0]",1,"[0, 0, 0, 0, 1, 0, 0]","[0, 0, 0, 0, 1, 0, 0]",30,0,1,0,4,6,6,5,6,0f399ca1789c8087.jpg,1,"[[24, 69, 288, 106], [26, 177, 286, 108], [28, 286, 284, 107], [24, 392, 290, 106], [26, 496, 289, 113]]",Others,0,640,640,annotator55,0f399ca1789c8087_identity_0-1-2-3-4,0f399ca1789c8087_identity_0-1-2-3-4_annotator55
2,"[0, 1, 0, 0, 1, 0]",4,"[1, 0, 0, 0, 0, 0, 0]","[1, 0, 0, 0, 0, 0, 0]",30,0,1,0,4,6,6,5,6,2995bebb788ad1ba.jpg,1,"[[249, 304, 57, 198], [294, 332, 284, 156]]",Others,0,1024,768,annotator55,2995bebb788ad1ba_Desk_1-2,2995bebb788ad1ba_Desk_1-2_annotator55
1,"[1, 0, 0, 0, 0, 0]",4,"[0, 0, 0, 1, 0, 0, 0]","[0, 0, 1, 0, 0, 0, 0]",30,0,1,0,4,6,6,5,6,0170ea8e1a33375a.jpg,1,"[[0, 9, 74, 126], [78, 10, 875, 652], [850, 0, 173, 179]]",Others,0,1024,683,annotator55,0170ea8e1a33375a_Car_3-4-5,0170ea8e1a33375a_Car_3-4-5_annotator55
4,"[0, 1, 0, 0, 1, 0]",5,"[1, 0, 0, 0, 0, 0, 0]","[1, 0, 0, 0, 0, 0, 0]",30,0,1,0,4,6,6,5,6,2995bebb788ad1ba.jpg,1,"[[0, 0, 1024, 768]]",Place Identifier,0,1024,768,annotator55,2995bebb788ad1ba_Office building_3,2995bebb788ad1ba_Office building_3_annotator55
7,"[1, 0, 0, 0, 0, 0]",4,"[0, 0, 0, 0, 1, 0, 0]","[0, 0, 0, 0, 1, 0, 0]",30,0,1,0,4,6,6,5,6,15956.jpg,0,"[[371, 139, 73, 197]]",Person,0,640,480,annotator55,15956_person_0,15956_person_0_annotator55
