category,informationType,informativeness,sharingOwner,sharingOthers,age,gender,frequency,platform,extraversion,agreeableness,conscientiousness,neuroticism,openness,imagePath,originalDataset,bbox,DIPACategory,nationality,width,height,AnnotatorId,ObjectId,ObjectAnnotatorId
4,"[0, 1, 0, 0, 0, 0]",2,"[0, 0, 0, 0, 1, 0, 0]","[0, 0, 0, 0, 1, 0, 0]",41,0,0,0,4,5,4,7,4,11197.jpg,0,"[[194, 152, 3, 2], [462, 171, 9, 4]]",Vehicle Plate,0,640,427,annotator182,11197_license_plate_0-1,11197_license_plate_0-1_annotator182
1,"[1, 1, 0, 1, 0, 0]",5,"[0, 1, 0, 0, 0, 0, 0]","[1, 0, 0, 0, 0, 0, 0]",41,0,0,0,4,5,4,7,4,038ee0bf31929792.jpg,1,"[[121, 31, 347, 636]]",Others,0,837,768,annotator182,038ee0bf31929792_Person_0,038ee0bf31929792_Person_0_annotator182
1,"[1, 0, 0, 0, 0, 0]",4,"[0, 1, 1, 0, 0, 0, 0]","[0, 1, 1, 0, 0, 0, 0]",41,0,0,0,4,5,4,7,4,4be14bf34cb9607f.jpg,1,"[[132, 108, 891, 572]]",Others,0,1024,681,annotator182,4be14bf34cb9607f_Person_0,4be14bf34cb9607f_Person_0_annotator182
5,"[1, 1, 0, 1, 0, 0]",4,"[0, 1, 0, 0, 0, 0, 0]","[1, 0, 0, 0, 0, 0, 0]",41,0,0,0,4,5,4,7,4,107339.jpg,0,"[[6, 71, 134, 56], [136, 71, 103, 54]]",Home interior,0,240,180,annotator182,107339_sofa_0-1,107339_sofa_0-1_annotator182
2,"[0, 1, 0, 0, 0, 0]",2,"[0, 1, 1, 1, 0, 0, 0]","[0, 1, 1, 1, 0, 0, 0]",41,0,0,0,4,5,4,7,4,121783.jpg,0,"[[194, 281, 140, 161]]",Pet,0,612,612,annotator182,121783_cat_0,121783_cat_0_annotator182
