category,informationType,informativeness,sharingOwner,sharingOthers,age,gender,frequency,platform,extraversion,agreeableness,conscientiousness,neuroticism,openness,imagePath,originalDataset,bbox,DIPACategory,nationality,width,height,AnnotatorId,ObjectId,ObjectAnnotatorId
1,"[1, 0, 0, 1, 0, 0]",3,"[1, 0, 0, 0, 0, 0, 0]","[1, 0, 0, 0, 0, 0, 0]",35,0,2,0,4,4,4,9,6,0182bd2e43596b71.jpg,0,"[[0, 0, 1024, 768]]",Person,0,1024,768,annotator212,0182bd2e43596b71_Human body_1,0182bd2e43596b71_Human body_1_annotator212
6,"[1, 0, 0, 1, 0, 0]",3,"[1, 0, 0, 0, 0, 0, 0]","[1, 0, 0, 0, 0, 0, 0]",35,0,2,0,4,4,4,9,6,0182bd2e43596b71.jpg,0,"[[0, 20, 1024, 747]]",Others,0,1024,768,annotator212,0182bd2e43596b71_Person_0,0182bd2e43596b71_Person_0_annotator212
2,"[1, 0, 0, 0, 0, 0]",3,"[1, 0, 0, 0, 0, 0, 0]","[1, 0, 0, 0, 0, 0, 0]",35,0,2,0,4,4,4,9,6,46d959ca5aaac005.jpg,0,"[[361, 142, 112, 98]]",Person,0,672,1024,annotator212,46d959ca5aaac005_Human face_0,46d959ca5aaac005_Human face_0_annotator212
7,"[1, 0, 0, 0, 0, 0]",3,"[1, 0, 0, 0, 0, 0, 0]","[1, 0, 0, 0, 0, 0, 0]",35,0,2,0,4,4,4,9,6,46d959ca5aaac005.jpg,0,"[[131, 26, 467, 992]]",Person,0,672,1024,annotator212,46d959ca5aaac005_Woman_1,46d959ca5aaac005_Woman_1_annotator212
1,"[1, 0, 0, 0, 0, 0]",1,"[0, 1, 0, 0, 0, 0, 0]","[1, 0, 0, 0, 0, 0, 0]",35,0,2,0,4,4,4,9,6,34ec1592f40cdfaa.jpg,0,"[[297, 0, 324, 674]]",Person,0,1024,767,annotator212,34ec1592f40cdfaa_Human body_2,34ec1592f40cdfaa_Human body_2_annotator212
4,"[1, 0, 0, 1, 0, 0]",3,"[1, 0, 0, 0, 0, 0, 0]","[1, 0, 0, 0, 0, 0, 0]",35,0,2,0,4,4,4,9,6,0182bd2e43596b71.jpg,0,"[[0, 267, 400, 499], [326, 65, 305, 700], [548, 12, 436, 753], [548, 270, 73, 102], [644, 20, 377, 745]]",Others,0,1024,768,annotator212,0182bd2e43596b71_Mammal_2-3-4-5-6,0182bd2e43596b71_Mammal_2-3-4-5-6_annotator212
