category,informationType,informativeness,sharingOwner,sharingOthers,age,gender,frequency,platform,extraversion,agreeableness,conscientiousness,neuroticism,openness,imagePath,originalDataset,bbox,DIPACategory,nationality,width,height,AnnotatorId,ObjectId,ObjectAnnotatorId
5,"[1, 1, 1, 1, 1, 0]",6,"[1, 0, 0, 0, 0, 0, 0]","[1, 0, 0, 0, 0, 0, 0]",58,0,2,0,5,6,6,7,10,45a98c6eb828a0c9.jpg,1,"[[86, 219, 716, 512]]",Others,0,1024,768,annotator181,45a98c6eb828a0c9_Mammal_10,45a98c6eb828a0c9_Mammal_10_annotator181
9,"[1, 1, 0, 1, 0, 0]",4,"[0, 0, 0, 1, 0, 0, 0]","[1, 0, 0, 0, 0, 0, 0]",58,0,2,0,5,6,6,7,10,128679.jpg,0,"[[0, 101, 250, 273], [263, 121, 81, 200]]",Pet,0,500,375,annotator181,128679_cat_0-1,128679_cat_0-1_annotator181
3,"[1, 1, 1, 1, 1, 0]",6,"[1, 0, 0, 0, 0, 0, 0]","[1, 0, 0, 0, 0, 0, 0]",58,0,2,0,5,6,6,7,10,45a98c6eb828a0c9.jpg,1,"[[116, 366, 51, 73], [249, 244, 70, 128], [441, 409, 49, 60], [564, 414, 104, 140]]",Person,0,1024,768,annotator181,45a98c6eb828a0c9_Human face_0-1-2-3,45a98c6eb828a0c9_Human face_0-1-2-3_annotator181
8,"[1, 1, 0, 1, 0, 0]",5,"[1, 0, 0, 0, 0, 0, 0]","[1, 0, 0, 0, 0, 0, 0]",58,0,2,0,5,6,6,7,10,0ee91c4938b6e7ee.jpg,1,"[[0, 172, 19, 9], [301, 565, 140, 68]]",Vehicle Plate,0,765,1024,annotator181,0ee91c4938b6e7ee_Vehicle registration plate_4-5,0ee91c4938b6e7ee_Vehicle registration plate_4-5_annotator181
2,"[1, 1, 0, 1, 0, 0]",6,"[1, 0, 0, 0, 0, 0, 0]","[1, 0, 0, 0, 0, 0, 0]",58,0,2,0,5,6,6,7,10,5f69c551dcb4a8eb.jpg,1,"[[44, 137, 471, 750]]",Person,0,750,1024,annotator181,5f69c551dcb4a8eb_Human body_0,5f69c551dcb4a8eb_Human body_0_annotator181
6,"[1, 1, 1, 1, 1, 0]",6,"[1, 0, 0, 0, 0, 0, 0]","[1, 0, 0, 0, 0, 0, 0]",58,0,2,0,5,6,6,7,10,45a98c6eb828a0c9.jpg,1,"[[481, 316, 326, 412]]",Person,0,1024,768,annotator181,45a98c6eb828a0c9_Man_11,45a98c6eb828a0c9_Man_11_annotator181
1,"[1, 1, 0, 1, 0, 0]",5,"[1, 0, 0, 0, 0, 0, 0]","[1, 0, 0, 0, 0, 0, 0]",58,0,2,0,5,6,6,7,10,0ee91c4938b6e7ee.jpg,1,"[[0, 140, 92, 73], [3, 121, 761, 560], [83, 140, 38, 31], [118, 138, 22, 28]]",Others,0,765,1024,annotator181,0ee91c4938b6e7ee_Car_0-1-2-3,0ee91c4938b6e7ee_Car_0-1-2-3_annotator181
