category,informationType,informativeness,sharingOwner,sharingOthers,age,gender,frequency,platform,extraversion,agreeableness,conscientiousness,neuroticism,openness,imagePath,originalDataset,bbox,DIPACategory,nationality,width,height,AnnotatorId,ObjectId,ObjectAnnotatorId
5,"[1, 1, 0, 1, 1, 0]",6,"[0, 1, 1, 1, 0, 0, 0]","[0, 1, 1, 1, 0, 0, 0]",33,0,1,0,2,7,6,10,8,14439.jpg,0,"[[25, 118, 38, 34], [416, 90, 90, 193], [164, 82, 34, 83], [280, 81, 15, 30], [267, 90, 30, 77], [465, 14, 6, 18], [105, 45, 21, 47], [169, 47, 9, 13]]",Person,0,640,404,annotator143,14439_person_0-1-2-3-4-5-6-7,14439_person_0-1-2-3-4-5-6-7_annotator143
1,"[1, 0, 1, 1, 0, 0]",6,"[0, 1, 0, 1, 0, 0, 0]","[0, 1, 0, 1, 0, 0, 0]",33,0,1,0,2,7,6,10,8,136310.jpg,0,"[[36, 108, 286, 369]]",Others,0,640,480,annotator143,136310_Object 0_0,136310_Object 0_0_annotator143
1,"[1, 0, 0, 0, 0, 0]",5,"[0, 1, 0, 1, 0, 0, 0]","[0, 1, 0, 1, 0, 0, 0]",33,0,1,0,2,7,6,10,8,277122.jpg,0,"[[242, 68, 55, 62]]",Others,0,500,375,annotator143,277122_Object 0_0,277122_Object 0_0_annotator143
2,"[1, 1, 0, 1, 0, 0]",0,"[0, 1, 0, 1, 0, 0, 0]","[0, 1, 0, 1, 0, 0, 0]",33,0,1,0,2,7,6,10,8,141965.jpg,0,"[[0, 0, 499, 398]]",Others,0,500,399,annotator143,141965_crib_2,141965_crib_2_annotator143
