category,informationType,informativeness,sharingOwner,sharingOthers,age,gender,frequency,platform,extraversion,agreeableness,conscientiousness,neuroticism,openness,imagePath,originalDataset,bbox,DIPACategory,nationality,width,height,AnnotatorId,ObjectId,ObjectAnnotatorId
2,"[1, 0, 0, 1, 1, 0]",5,"[0, 1, 1, 1, 1, 0, 0]","[0, 1, 1, 1, 1, 0, 0]",52,0,1,0,5,7,5,9,6,484dd70be82c3092.jpg,1,"[[300, 111, 475, 568]]",Person,0,1024,683,annotator168,484dd70be82c3092_Man_4,484dd70be82c3092_Man_4_annotator168
7,"[1, 0, 0, 0, 0, 0]",6,"[1, 0, 0, 0, 0, 0, 0]","[1, 0, 0, 0, 0, 0, 0]",52,0,1,0,5,7,5,9,6,0c756c9366a8cb10.jpg,1,"[[225, 382, 28, 11], [635, 580, 121, 57]]",Vehicle Plate,0,1024,768,annotator168,0c756c9366a8cb10_Vehicle registration plate_4-5,0c756c9366a8cb10_Vehicle registration plate_4-5_annotator168
4,"[1, 0, 0, 0, 0, 0]",5,"[0, 1, 1, 1, 1, 0, 0]","[0, 1, 1, 1, 1, 0, 0]",52,0,1,0,5,7,5,9,6,106123.jpg,0,"[[375, 111, 128, 169]]",Others,0,640,423,annotator168,106123_Object 0_0,106123_Object 0_0_annotator168
8,"[1, 0, 0, 0, 0, 1]",4,"[0, 1, 0, 0, 0, 0, 0]","[1, 0, 0, 0, 0, 0, 0]",52,0,1,0,5,7,5,9,6,104564.jpg,0,"[[137, 20, 339, 336]]",Food,0,640,360,annotator168,104564_cake_0,104564_cake_0_annotator168
1,"[1, 0, 0, 1, 1, 0]",5,"[0, 1, 1, 1, 1, 0, 0]","[0, 1, 1, 1, 1, 0, 0]",52,0,1,0,5,7,5,9,6,484dd70be82c3092.jpg,1,"[[305, 116, 469, 563]]",Person,0,1024,683,annotator168,484dd70be82c3092_Human body_1,484dd70be82c3092_Human body_1_annotator168
5,"[1, 0, 0, 0, 0, 0]",5,"[0, 1, 1, 1, 1, 0, 0]","[0, 1, 1, 1, 1, 0, 0]",52,0,1,0,5,7,5,9,6,106123.jpg,0,"[[372, 124, 165, 327]]",Others,0,640,423,annotator168,106123_Object 1_1,106123_Object 1_1_annotator168
