category,informationType,informativeness,sharingOwner,sharingOthers,age,gender,frequency,platform,extraversion,agreeableness,conscientiousness,neuroticism,openness,imagePath,originalDataset,bbox,DIPACategory,nationality,width,height,AnnotatorId,ObjectId,ObjectAnnotatorId
6,"[0, 1, 0, 0, 0, 0]",3,"[0, 1, 0, 0, 0, 0, 0]","[0, 1, 0, 0, 0, 0, 0]",35,0,1,0,4,6,7,8,9,121106.jpg,0,"[[271, 380, 12, 13], [77, 351, 14, 15], [412, 345, 14, 5], [247, 387, 9, 14], [445, 387, 7, 15]]",Printed Material,0,480,640,annotator9,121106_tag_0-1-2-3-4,121106_tag_0-1-2-3-4_annotator9
2,"[1, 0, 0, 0, 0, 0]",4,"[0, 1, 1, 0, 0, 0, 0]","[0, 1, 1, 0, 0, 0, 0]",35,0,1,0,4,6,7,8,9,23282811e70b4df7.jpg,1,"[[210, 266, 222, 259]]",Person,0,1024,680,annotator9,23282811e70b4df7_Human face_0,23282811e70b4df7_Human face_0_annotator9
1,"[1, 0, 0, 0, 0, 0]",3,"[0, 1, 1, 0, 0, 0, 0]","[0, 1, 0, 0, 0, 0, 0]",35,0,1,0,4,6,7,8,9,23282811e70b4df7.jpg,1,"[[240, 357, 46, 22], [337, 366, 57, 25]]",Person,0,1024,680,annotator9,23282811e70b4df7_Human eye_2-3,23282811e70b4df7_Human eye_2-3_annotator9
3,"[1, 0, 0, 0, 0, 0]",4,"[0, 1, 1, 0, 0, 0, 0]","[0, 1, 1, 0, 0, 0, 0]",35,0,1,0,4,6,7,8,9,23282811e70b4df7.jpg,1,"[[277, 378, 60, 63]]",Person,0,1024,680,annotator9,23282811e70b4df7_Human nose_1,23282811e70b4df7_Human nose_1_annotator9
