category,informationType,informativeness,sharingOwner,sharingOthers,age,gender,frequency,platform,extraversion,agreeableness,conscientiousness,neuroticism,openness,imagePath,originalDataset,bbox,DIPACategory,nationality,width,height,AnnotatorId,ObjectId,ObjectAnnotatorId
5,"[1, 1, 0, 0, 0, 0]",5,"[1, 0, 0, 0, 0, 0, 0]","[1, 0, 0, 0, 0, 0, 0]",40,0,2,0,3,10,9,7,8,125952.jpg,0,"[[154, 426, 45, 47], [274, 315, 34, 37]]",Printed Material,0,358,640,annotator401,125952_tag_0-1,125952_tag_0-1_annotator401
1,"[1, 0, 0, 0, 0, 0]",4,"[1, 0, 0, 0, 0, 0, 0]","[1, 0, 0, 0, 0, 0, 0]",40,0,2,0,3,10,9,7,8,0028b67eca22894b.jpg,1,"[[3, 0, 993, 604]]",Others,0,996,611,annotator401,0028b67eca22894b_identity_0,0028b67eca22894b_identity_0_annotator401
0,"[1, 1, 0, 0, 0, 0]",5,"[1, 0, 0, 0, 0, 0, 0]","[1, 0, 0, 0, 0, 0, 0]",40,0,2,0,3,10,9,7,8,124367.jpg,0,"[[167, 37, 148, 119]]",Others,0,640,427,annotator401,124367_Object 0_12,124367_Object 0_12_annotator401
2,"[1, 1, 0, 1, 0, 0]",5,"[1, 0, 0, 0, 0, 0, 0]","[1, 0, 0, 0, 0, 0, 0]",40,0,2,0,3,10,9,7,8,127558.jpg,0,"[[41, 74, 190, 178]]",Screen,0,640,480,annotator401,127558_laptop_computer_0,127558_laptop_computer_0_annotator401
