category,informationType,informativeness,sharingOwner,sharingOthers,age,gender,frequency,platform,extraversion,agreeableness,conscientiousness,neuroticism,openness,imagePath,originalDataset,bbox,DIPACategory,nationality,width,height,AnnotatorId,ObjectId,ObjectAnnotatorId
2,"[1, 0, 0, 0, 0, 0]",6,"[0, 1, 0, 0, 0, 0, 0]","[0, 1, 0, 0, 0, 0, 0]",28,0,0,0,3,5,4,9,6,123411.jpg,0,"[[172, 69, 182, 177]]",Others,0,480,640,annotator411,123411_Object 0_0,123411_Object 0_0_annotator411
6,"[0, 0, 0, 0, 1, 0]",5,"[0, 1, 1, 0, 0, 0, 0]","[0, 1, 1, 0, 0, 0, 0]",28,0,0,0,3,5,4,9,6,131764.jpg,0,"[[127, 247, 39, 42]]",Vehicle Plate,0,500,376,annotator411,131764_license_plate_0,131764_license_plate_0_annotator411
2,"[0, 0, 1, 0, 1, 0]",4,"[0, 1, 1, 0, 0, 0, 0]","[0, 1, 1, 0, 0, 0, 0]",28,0,0,0,3,5,4,9,6,230995.jpg,0,"[[253, 319, 68, 72]]",Others,0,480,640,annotator411,230995_Object 0_0,230995_Object 0_0_annotator411
7,"[0, 0, 0, 0, 1, 0]",3,"[0, 1, 1, 1, 0, 0, 0]","[0, 1, 1, 1, 0, 0, 0]",28,0,0,0,3,5,4,9,6,230995.jpg,0,"[[161, 431, 6, 11]]",Accessory,0,480,640,annotator411,230995_ring_1,230995_ring_1_annotator411
4,"[0, 0, 1, 0, 0, 0]",0,"[0, 1, 1, 1, 1, 1, 0]","[0, 1, 1, 1, 1, 1, 0]",28,0,0,0,3,5,4,9,6,230995.jpg,0,"[[86, 429, 12, 5], [135, 424, 7, 20]]",Cigarettes,0,480,640,annotator411,230995_cigarette_3-4,230995_cigarette_3-4_annotator411
1,"[1, 0, 0, 0, 0, 0]",6,"[0, 1, 0, 0, 0, 0, 0]","[0, 1, 0, 0, 0, 0, 0]",28,0,0,0,3,5,4,9,6,0515eb8d42f77988.jpg,1,"[[267, 211, 310, 398]]",Person,0,870,1024,annotator411,0515eb8d42f77988_Human face_0,0515eb8d42f77988_Human face_0_annotator411
5,"[0, 0, 1, 0, 0, 0]",0,"[0, 1, 1, 1, 1, 1, 0]","[0, 1, 1, 1, 1, 1, 0]",28,0,0,0,3,5,4,9,6,230995.jpg,0,"[[216, 495, 72, 32]]",Others,0,480,640,annotator411,230995_cigarette_case_2,230995_cigarette_case_2_annotator411
