category,informationType,informativeness,sharingOwner,sharingOthers,age,gender,frequency,platform,extraversion,agreeableness,conscientiousness,neuroticism,openness,imagePath,originalDataset,bbox,DIPACategory,nationality,width,height,AnnotatorId,ObjectId,ObjectAnnotatorId
2,"[0, 1, 0, 0, 0, 0]",2,"[0, 0, 1, 0, 0, 0, 0]","[0, 0, 0, 1, 0, 0, 0]",22,0,3,0,6,6,5,8,6,07b12cccb39c75a5.jpg,1,"[[27, 184, 740, 836], [265, 252, 440, 600]]",Person,0,768,1024,annotator113,07b12cccb39c75a5_Human body_8-9,07b12cccb39c75a5_Human body_8-9_annotator113
8,"[1, 0, 0, 0, 0, 0]",1,"[0, 1, 0, 0, 0, 0, 0]","[0, 0, 1, 0, 0, 0, 0]",22,0,3,0,6,6,5,8,6,209503.jpg,0,"[[569, 141, 8, 8], [559, 140, 7, 7]]",Others,0,640,426,annotator113,209503_knob_3-4,209503_knob_3-4_annotator113
4,"[1, 0, 0, 0, 0, 0]",4,"[0, 0, 1, 0, 0, 0, 0]","[0, 0, 1, 0, 0, 0, 0]",22,0,3,0,6,6,5,8,6,322056.jpg,0,"[[300, 17, 143, 168]]",Others,0,500,480,annotator113,322056_Object 0_0,322056_Object 0_0_annotator113
9,"[1, 0, 0, 0, 0, 0]",4,"[0, 1, 0, 0, 0, 0, 0]","[0, 0, 1, 0, 0, 0, 0]",22,0,3,0,6,6,5,8,6,239757.jpg,0,"[[185, 108, 273, 238]]",Person,0,640,480,annotator113,239757_person_3,239757_person_3_annotator113
1,"[0, 1, 0, 0, 0, 0]",1,"[0, 0, 1, 0, 0, 0, 0]","[0, 0, 1, 0, 0, 0, 0]",22,0,3,0,6,6,5,8,6,07b12cccb39c75a5.jpg,1,"[[24, 392, 508, 422], [297, 328, 296, 292]]",Clothing,0,768,1024,annotator113,07b12cccb39c75a5_Clothing_6-7,07b12cccb39c75a5_Clothing_6-7_annotator113
6,"[0, 1, 0, 0, 0, 0]",1,"[0, 0, 1, 0, 0, 0, 0]","[0, 0, 1, 0, 0, 0, 0]",22,0,3,0,6,6,5,8,6,18396.jpg,0,"[[531, 433, 18, 22]]",Cigarettes,0,640,597,annotator113,18396_cigarette_0,18396_cigarette_0_annotator113
