category,informationType,informativeness,sharingOwner,sharingOthers,age,gender,frequency,platform,extraversion,agreeableness,conscientiousness,neuroticism,openness,imagePath,originalDataset,bbox,DIPACategory,nationality,width,height,AnnotatorId,ObjectId,ObjectAnnotatorId
3,"[1, 1, 0, 0, 1, 0]",5,"[0, 1, 0, 0, 0, 0, 0]","[0, 1, 0, 0, 0, 0, 0]",34,0,3,0,9,6,6,8,9,0f4b6436461549c4.jpg,1,"[[99, 0, 468, 640]]",Others,0,640,640,annotator398,0f4b6436461549c4_identity_0,0f4b6436461549c4_identity_0_annotator398
1,"[1, 0, 0, 0, 1, 0]",6,"[0, 1, 0, 0, 0, 0, 0]","[0, 1, 0, 0, 0, 0, 0]",34,0,3,0,9,6,6,8,9,138979.jpg,0,"[[331, 182, 300, 238]]",Others,0,640,426,annotator398,138979_Manual Label_0,138979_Manual Label_0_annotator398
1,"[1, 0, 0, 0, 0, 0]",6,"[0, 1, 0, 0, 0, 0, 0]","[0, 1, 1, 1, 0, 0, 0]",34,0,3,0,9,6,6,8,9,12614.jpg,0,"[[331, 56, 122, 136]]",Others,0,640,640,annotator398,12614_Manual Label_0,12614_Manual Label_0_annotator398
2,"[1, 0, 0, 0, 0, 0]",6,"[0, 1, 0, 0, 0, 0, 0]","[0, 1, 1, 1, 0, 0, 0]",34,0,3,0,9,6,6,8,9,120778.jpg,0,"[[223, 138, 89, 126]]",Others,0,480,640,annotator398,120778_Object 0_3,120778_Object 0_3_annotator398
