category,informationType,informativeness,sharingOwner,sharingOthers,age,gender,frequency,platform,extraversion,agreeableness,conscientiousness,neuroticism,openness,imagePath,originalDataset,bbox,DIPACategory,nationality,width,height,AnnotatorId,ObjectId,ObjectAnnotatorId
5,"[0, 1, 0, 0, 0, 0]",5,"[0, 1, 1, 1, 1, 1, 0]","[0, 1, 1, 1, 1, 1, 0]",29,0,1,0,2,5,6,9,9,145873.jpg,0,"[[52, 44, 53, 54], [560, 246, 79, 34], [264, 30, 78, 82], [519, 289, 8, 48], [375, 85, 31, 32], [362, 29, 58, 57], [118, 43, 74, 78], [568, 340, 7, 10], [38, 85, 32, 32], [201, 86, 33, 31], [553, 286, 79, 31], [191, 29, 59, 57]]",Others,0,640,427,annotator485,145873_street_sign_1-2-3-4-5-6-7-8-9-10-11-12,145873_street_sign_1-2-3-4-5-6-7-8-9-10-11-12_annotator485
1,"[1, 0, 0, 0, 0, 0]",6,"[0, 1, 1, 0, 0, 0, 0]","[0, 1, 0, 0, 0, 0, 0]",29,0,1,0,2,5,6,9,9,117156.jpg,0,"[[3, 80, 642, 346]]",Others,0,640,425,annotator485,117156_Object 0_0,117156_Object 0_0_annotator485
0,"[1, 0, 0, 0, 0, 0]",6,"[0, 1, 1, 0, 0, 0, 0]","[0, 1, 1, 0, 0, 0, 0]",29,0,1,0,2,5,6,9,9,259345.jpg,0,"[[149, 76, 118, 161]]",Others,0,427,640,annotator485,259345_Manual Label_0,259345_Manual Label_0_annotator485
2,"[0, 1, 0, 0, 0, 0]",5,"[0, 1, 1, 1, 1, 1, 0]","[0, 1, 1, 1, 1, 1, 0]",29,0,1,0,2,5,6,9,9,2e969144f13eb1dc.jpg,1,"[[151, 49, 85, 89], [392, 243, 209, 61]]",Place Identifier,0,1024,576,annotator485,2e969144f13eb1dc_Traffic sign_0-1,2e969144f13eb1dc_Traffic sign_0-1_annotator485
