category,informationType,informativeness,sharingOwner,sharingOthers,age,gender,frequency,platform,extraversion,agreeableness,conscientiousness,neuroticism,openness,imagePath,originalDataset,bbox,DIPACategory,nationality,width,height,AnnotatorId,ObjectId,ObjectAnnotatorId
4,"[1, 0, 0, 0, 0, 0]",3,"[1, 0, 0, 0, 0, 0, 0]","[1, 0, 0, 0, 0, 0, 0]",33,0,1,0,5,7,9,7,9,126110.jpg,0,"[[106, 53, 56, 117]]",Others,0,320,240,annotator467,126110_Manual Label_0,126110_Manual Label_0_annotator467
9,"[0, 1, 0, 0, 0, 0]",2,"[0, 1, 1, 0, 0, 0, 0]","[1, 0, 0, 0, 0, 0, 0]",33,0,1,0,5,7,9,7,9,173825.jpg,0,"[[0, 226, 505, 234], [78, 190, 202, 79]]",Home interior,0,640,480,annotator467,173825_sofa_0-1,173825_sofa_0-1_annotator467
4,"[0, 0, 0, 0, 1, 0]",3,"[1, 0, 0, 0, 0, 0, 0]","[1, 0, 0, 0, 0, 0, 0]",33,0,1,0,5,7,9,7,9,126110.jpg,0,"[[249, 96, 42, 80]]",Others,0,320,240,annotator467,126110_Manual Label_1,126110_Manual Label_1_annotator467
8,"[0, 0, 0, 0, 1, 0]",2,"[1, 0, 0, 0, 0, 0, 0]","[1, 0, 0, 0, 0, 0, 0]",33,0,1,0,5,7,9,7,9,149222.jpg,0,"[[1, 0, 286, 247]]",Screen,0,500,383,annotator467,149222_monitor_(computer_equipment) computer_monitor_0,149222_monitor_(computer_equipment) computer_monitor_0_annotator467
2,"[1, 0, 0, 0, 0, 0]",5,"[1, 0, 0, 0, 0, 0, 0]","[1, 0, 0, 0, 0, 0, 0]",33,0,1,0,5,7,9,7,9,24b14dbf64eeced1.jpg,1,"[[37, 382, 101, 101], [475, 302, 149, 164]]",Person,0,1024,683,annotator467,24b14dbf64eeced1_Human face_0-1,24b14dbf64eeced1_Human face_0-1_annotator467
6,"[0, 0, 1, 0, 0, 0]",3,"[0, 1, 1, 0, 0, 0, 0]","[1, 0, 0, 0, 0, 0, 0]",33,0,1,0,5,7,9,7,9,255375.jpg,0,"[[276, 219, 12, 21]]",Cigarettes,0,640,427,annotator467,255375_cigarette_2,255375_cigarette_2_annotator467
1,"[1, 0, 0, 0, 0, 0]",5,"[1, 0, 0, 0, 0, 0, 0]","[1, 0, 0, 0, 0, 0, 0]",33,0,1,0,5,7,9,7,9,24b14dbf64eeced1.jpg,1,"[[58, 436, 15, 13], [90, 415, 16, 12], [495, 379, 25, 21], [551, 362, 30, 15]]",Person,0,1024,683,annotator467,24b14dbf64eeced1_Human eye_7-8-9-10,24b14dbf64eeced1_Human eye_7-8-9-10_annotator467
5,"[1, 0, 0, 0, 0, 0]",5,"[1, 0, 0, 0, 0, 0, 0]","[1, 0, 0, 0, 0, 0, 0]",33,0,1,0,5,7,9,7,9,24b14dbf64eeced1.jpg,1,"[[0, 309, 137, 308]]",Others,0,1024,683,annotator467,24b14dbf64eeced1_Person_4,24b14dbf64eeced1_Person_4_annotator467
