category,informationType,informativeness,sharingOwner,sharingOthers,age,gender,frequency,platform,extraversion,agreeableness,conscientiousness,neuroticism,openness,imagePath,originalDataset,bbox,DIPACategory,nationality,width,height,AnnotatorId,ObjectId,ObjectAnnotatorId
6,"[1, 0, 0, 1, 0, 0]",1,"[1, 0, 0, 0, 0, 0, 0]","[1, 0, 0, 0, 0, 0, 0]",46,0,1,0,4,7,8,6,8,108688.jpg,0,"[[419, 202, 176, 162], [425, 103, 112, 73]]",Screen,0,640,487,annotator211,108688_monitor_(computer_equipment) computer_monitor_0-1,108688_monitor_(computer_equipment) computer_monitor_0-1_annotator211
2,"[1, 0, 0, 0, 0, 0]",0,"[0, 1, 0, 0, 0, 0, 0]","[1, 0, 0, 0, 0, 0, 0]",46,0,1,0,4,7,8,6,8,101088.jpg,0,"[[246, 237, 25, 14]]",Others,0,640,480,annotator211,101088_Manual Label_0,101088_Manual Label_0_annotator211
1,"[1, 0, 0, 0, 0, 0]",1,"[1, 0, 0, 0, 0, 0, 0]","[1, 0, 0, 0, 0, 0, 0]",46,0,1,0,4,7,8,6,8,5feb53a3d3a241a8.jpg,1,"[[0, 7, 1024, 675]]",Person,0,1024,683,annotator211,5feb53a3d3a241a8_Man_26,5feb53a3d3a241a8_Man_26_annotator211
7,"[1, 0, 0, 0, 0, 0]",1,"[1, 0, 0, 0, 0, 0, 0]","[1, 0, 0, 0, 0, 0, 0]",46,0,1,0,4,7,8,6,8,114535.jpg,0,"[[321, 60, 250, 99], [229, 117, 136, 120]]",Others,0,640,424,annotator211,114535_umbrella_0-1,114535_umbrella_0-1_annotator211
3,"[1, 0, 0, 0, 0, 0]",0,"[1, 0, 0, 0, 0, 0, 0]","[1, 0, 0, 0, 0, 0, 0]",46,0,1,0,4,7,8,6,8,15e2134bf1363429.jpg,1,"[[436, 232, 137, 450]]",Others,0,1024,683,annotator211,15e2134bf1363429_Person_0,15e2134bf1363429_Person_0_annotator211
