category,informationType,informativeness,sharingOwner,sharingOthers,age,gender,frequency,platform,extraversion,agreeableness,conscientiousness,neuroticism,openness,imagePath,originalDataset,bbox,DIPACategory,nationality,width,height,AnnotatorId,ObjectId,ObjectAnnotatorId
4,"[1, 0, 0, 0, 0, 0]",5,"[0, 1, 1, 1, 1, 1, 0]","[0, 1, 1, 1, 1, 1, 0]",34,0,1,0,2,7,7,9,5,146162.jpg,0,"[[382, 204, 14, 16]]",Accessory,0,640,574,annotator405,146162_ring_0,146162_ring_0_annotator405
0,"[0, 1, 1, 0, 0, 1]",6,"[0, 1, 1, 1, 0, 0, 0]","[0, 1, 1, 1, 0, 0, 0]",34,0,1,0,2,7,7,9,5,146162.jpg,0,"[[217, 15, 210, 227]]",Others,0,640,574,annotator405,146162_Object 0_3,146162_Object 0_3_annotator405
0,"[0, 1, 1, 0, 0, 0]",4,"[0, 1, 1, 1, 0, 0, 0]","[0, 1, 1, 1, 0, 0, 0]",34,0,1,0,2,7,7,9,5,133645.jpg,0,"[[199, 178, 170, 118]]",Others,0,640,427,annotator405,133645_Object 0_7,133645_Object 0_7_annotator405
5,"[0, 1, 0, 0, 0, 0]",1,"[0, 1, 1, 1, 1, 1, 0]","[0, 1, 1, 1, 1, 1, 0]",34,0,1,0,2,7,7,9,5,146841.jpg,0,"[[206, 66, 51, 41], [516, 94, 73, 38], [263, 154, 90, 61], [107, 64, 48, 45], [275, 20, 61, 53]]",Printed Material,0,640,427,annotator405,146841_tag_73-74-75-76-77,146841_tag_73-74-75-76-77_annotator405
1,"[1, 1, 0, 0, 1, 1]",4,"[1, 0, 0, 0, 0, 0, 0]","[1, 0, 0, 0, 0, 0, 0]",34,0,1,0,2,7,7,9,5,06b024413ad385a7.jpg,1,"[[837, 485, 78, 40]]",Vehicle Plate,0,1024,773,annotator405,06b024413ad385a7_Vehicle registration plate_1,06b024413ad385a7_Vehicle registration plate_1_annotator405
