category,informationType,informativeness,sharingOwner,sharingOthers,age,gender,frequency,platform,extraversion,agreeableness,conscientiousness,neuroticism,openness,imagePath,originalDataset,bbox,DIPACategory,nationality,width,height,AnnotatorId,ObjectId,ObjectAnnotatorId
4,"[1, 0, 1, 0, 0, 0]",4,"[0, 1, 0, 0, 0, 0, 0]","[0, 1, 0, 0, 0, 0, 0]",33,0,3,0,3,2,4,7,10,14439.jpg,0,"[[25, 118, 38, 34], [416, 90, 90, 193], [164, 82, 34, 83], [280, 81, 15, 30], [267, 90, 30, 77], [465, 14, 6, 18], [105, 45, 21, 47], [169, 47, 9, 13]]",Person,0,640,404,annotator69,14439_person_0-1-2-3-4-5-6-7,14439_person_0-1-2-3-4-5-6-7_annotator69
1,"[1, 0, 0, 1, 0, 0]",5,"[1, 0, 0, 0, 0, 0, 0]","[1, 0, 0, 0, 0, 0, 0]",33,0,3,0,3,2,4,7,10,277122.jpg,0,"[[242, 68, 55, 62]]",Others,0,500,375,annotator69,277122_Object 0_0,277122_Object 0_0_annotator69
0,"[1, 0, 1, 0, 0, 0]",6,"[1, 0, 0, 0, 0, 0, 0]","[1, 0, 0, 0, 0, 0, 0]",33,0,3,0,3,2,4,7,10,277122.jpg,0,"[[189, 81, 48, 62]]",Others,0,500,375,annotator69,277122_Manual Label_0,277122_Manual Label_0_annotator69
5,"[0, 0, 1, 0, 0, 0]",4,"[0, 1, 0, 0, 0, 0, 0]","[0, 1, 0, 0, 0, 0, 0]",33,0,3,0,3,2,4,7,10,136310.jpg,0,"[[261, 261, 16, 16], [549, 224, 8, 12]]",Accessory,0,640,480,annotator69,136310_ring_2-3,136310_ring_2-3_annotator69
1,"[1, 0, 1, 0, 0, 0]",6,"[1, 0, 0, 0, 0, 0, 0]","[1, 0, 0, 0, 0, 0, 0]",33,0,3,0,3,2,4,7,10,136310.jpg,0,"[[36, 108, 286, 369]]",Others,0,640,480,annotator69,136310_Object 0_0,136310_Object 0_0_annotator69
