category,informationType,informativeness,sharingOwner,sharingOthers,age,gender,frequency,platform,extraversion,agreeableness,conscientiousness,neuroticism,openness,imagePath,originalDataset,bbox,DIPACategory,nationality,width,height,AnnotatorId,ObjectId,ObjectAnnotatorId
6,"[0, 1, 1, 0, 0, 0]",4,"[0, 1, 1, 1, 0, 0, 0]","[0, 1, 1, 1, 0, 0, 0]",47,0,1,0,3,5,7,4,7,170601.jpg,0,"[[188, 297, 59, 128]]",Others,0,427,640,annotator542,170601_polo_shirt_0,170601_polo_shirt_0_annotator542
2,"[1, 1, 0, 0, 1, 0]",6,"[0, 1, 0, 0, 0, 0, 0]","[1, 0, 0, 0, 0, 0, 0]",47,0,1,0,3,5,7,4,7,119233.jpg,0,"[[60, 7, 258, 211]]",Screen,0,500,334,annotator542,119233_laptop_computer_0,119233_laptop_computer_0_annotator542
1,"[0, 0, 1, 0, 1, 0]",4,"[0, 1, 1, 1, 0, 0, 0]","[0, 1, 1, 1, 0, 0, 0]",47,0,1,0,3,5,7,4,7,11661.jpg,0,"[[227, 62, 155, 178]]",Others,0,640,428,annotator542,11661_Object 1_5,11661_Object 1_5_annotator542
7,"[0, 1, 0, 0, 0, 0]",4,"[0, 1, 1, 1, 0, 0, 0]","[0, 1, 1, 0, 0, 0, 0]",47,0,1,0,3,5,7,4,7,11661.jpg,0,"[[548, 312, 90, 21], [470, 257, 64, 24], [627, 279, 12, 34], [542, 250, 58, 9]]",Others,0,640,428,annotator542,11661_table_0-1-2-3,11661_table_0-1-2-3_annotator542
3,"[0, 1, 1, 0, 0, 0]",4,"[1, 0, 0, 0, 0, 0, 0]","[1, 0, 0, 0, 0, 0, 0]",47,0,1,0,3,5,7,4,7,188804.jpg,0,"[[296, 169, 113, 97], [133, 220, 100, 127]]",Screen,0,410,640,annotator542,188804_monitor_(computer_equipment) computer_monitor_0-1,188804_monitor_(computer_equipment) computer_monitor_0-1_annotator542
