category,informationType,informativeness,sharingOwner,sharingOthers,age,gender,frequency,platform,extraversion,agreeableness,conscientiousness,neuroticism,openness,imagePath,originalDataset,bbox,DIPACategory,nationality,width,height,AnnotatorId,ObjectId,ObjectAnnotatorId
2,"[1, 0, 0, 0, 0, 0]",3,"[0, 1, 1, 1, 0, 0, 0]","[0, 1, 1, 1, 0, 0, 0]",36,0,1,0,5,6,4,7,9,017b690dbb7552db.jpg,1,"[[770, 157, 140, 391]]",Person,0,1024,683,annotator388,017b690dbb7552db_Man_8,017b690dbb7552db_Man_8_annotator388
6,"[0, 1, 1, 0, 0, 0]",4,"[0, 1, 1, 1, 0, 0, 0]","[0, 1, 1, 1, 0, 0, 0]",36,0,1,0,5,6,4,7,9,12145.jpg,0,"[[42, 7, 114, 240], [419, 0, 209, 273], [379, 0, 67, 83]]",Others,0,640,480,annotator388,12145_flag_0-1-2,12145_flag_0-1-2_annotator388
3,"[1, 0, 0, 1, 0, 0]",2,"[0, 1, 1, 1, 0, 0, 0]","[0, 1, 1, 1, 1, 0, 0]",36,0,1,0,5,6,4,7,9,31620.jpg,0,"[[186, 218, 135, 223]]",Others,0,480,640,annotator388,31620_Object 0_0,31620_Object 0_0_annotator388
7,"[0, 0, 1, 0, 1, 0]",5,"[1, 0, 0, 0, 0, 0, 0]","[1, 0, 0, 0, 0, 0, 0]",36,0,1,0,5,6,4,7,9,127987.jpg,0,"[[23, 0, 324, 240], [302, 36, 236, 207]]",Screen,0,640,426,annotator388,127987_monitor_(computer_equipment) computer_monitor_0-1,127987_monitor_(computer_equipment) computer_monitor_0-1_annotator388
1,"[0, 1, 0, 0, 0, 0]",4,"[1, 0, 0, 0, 0, 0, 0]","[1, 0, 0, 0, 0, 0, 0]",36,0,1,0,5,6,4,7,9,05035aff6e43506a.jpg,1,"[[0, 0, 243, 334], [310, 46, 438, 414]]",Clothing,0,1024,686,annotator388,05035aff6e43506a_Clothing_3-4,05035aff6e43506a_Clothing_3-4_annotator388
4,"[1, 0, 1, 0, 0, 0]",2,"[0, 1, 1, 0, 0, 0, 0]","[0, 1, 1, 0, 0, 0, 0]",36,0,1,0,5,6,4,7,9,05035aff6e43506a.jpg,1,"[[0, 0, 252, 351], [223, 0, 527, 536]]",Others,0,1024,686,annotator388,05035aff6e43506a_Person_1-2,05035aff6e43506a_Person_1-2_annotator388
