category,informationType,informativeness,sharingOwner,sharingOthers,age,gender,frequency,platform,extraversion,agreeableness,conscientiousness,neuroticism,openness,imagePath,originalDataset,bbox,DIPACategory,nationality,width,height,AnnotatorId,ObjectId,ObjectAnnotatorId
4,"[1, 0, 0, 0, 0, 0]",4,"[0, 1, 0, 0, 0, 0, 0]","[0, 1, 0, 0, 0, 0, 0]",47,0,1,0,3,5,10,8,8,078fd57f81047cf3.jpg,1,"[[9, 42, 120, 169], [318, 4, 194, 237], [589, 95, 143, 161], [900, 72, 104, 131]]",Person,0,1024,683,annotator89,078fd57f81047cf3_Human head_4-5-6-7,078fd57f81047cf3_Human head_4-5-6-7_annotator89
8,"[1, 0, 0, 0, 0, 0]",4,"[1, 0, 0, 0, 0, 0, 0]","[1, 0, 0, 0, 0, 0, 0]",47,0,1,0,3,5,10,8,8,152598.jpg,0,"[[32, 94, 84, 231], [141, 0, 498, 480]]",Person,0,640,480,annotator89,152598_person_4-5,152598_person_4-5_annotator89
3,"[1, 0, 0, 0, 0, 0]",4,"[1, 0, 0, 0, 0, 0, 0]","[1, 0, 0, 0, 0, 0, 0]",47,0,1,0,3,5,10,8,8,117142f3ff2f20d1.jpg,1,"[[315, 111, 84, 110]]",Person,0,1024,768,annotator89,117142f3ff2f20d1_Human face_0,117142f3ff2f20d1_Human face_0_annotator89
7,"[1, 0, 0, 0, 0, 0]",2,"[0, 0, 1, 0, 0, 0, 0]","[0, 1, 0, 0, 0, 0, 0]",47,0,1,0,3,5,10,8,8,0931a086102a933f.jpg,1,"[[282, 69, 576, 613]]",Person,0,1024,683,annotator89,0931a086102a933f_Woman_8,0931a086102a933f_Woman_8_annotator89
1,"[0, 1, 0, 0, 0, 0]",5,"[0, 1, 0, 0, 0, 0, 0]","[0, 1, 0, 0, 0, 0, 0]",47,0,1,0,3,5,10,8,8,117142f3ff2f20d1.jpg,1,"[[89, 92, 833, 571]]",Others,0,1024,768,annotator89,117142f3ff2f20d1_House_6,117142f3ff2f20d1_House_6_annotator89
6,"[1, 0, 0, 0, 0, 0]",4,"[0, 1, 0, 0, 0, 0, 0]","[0, 1, 0, 0, 0, 0, 0]",47,0,1,0,3,5,10,8,8,115245.jpg,0,"[[199, 0, 88, 64]]",Others,0,612,612,annotator89,115245_Object 0_0,115245_Object 0_0_annotator89
0,"[0, 0, 0, 0, 1, 0]",4,"[1, 0, 0, 0, 0, 0, 0]","[1, 0, 0, 0, 0, 0, 0]",47,0,1,0,3,5,10,8,8,0931a086102a933f.jpg,1,"[[354, 318, 502, 364], [721, 293, 302, 371]]",Clothing,0,1024,683,annotator89,0931a086102a933f_Clothing_3-4,0931a086102a933f_Clothing_3-4_annotator89
