category,informationType,informativeness,sharingOwner,sharingOthers,age,gender,frequency,platform,extraversion,agreeableness,conscientiousness,neuroticism,openness,imagePath,originalDataset,bbox,DIPACategory,nationality,width,height,AnnotatorId,ObjectId,ObjectAnnotatorId
1,"[1, 0, 0, 0, 0, 0]",6,"[0, 1, 0, 0, 0, 0, 0]","[0, 1, 0, 0, 0, 0, 0]",43,0,0,0,8,6,7,7,6,373c26ce480f8d29.jpg,1,"[[283, 167, 458, 510]]",Person,0,1024,681,annotator14,373c26ce480f8d29_Human body_2,373c26ce480f8d29_Human body_2_annotator14
6,"[0, 1, 0, 0, 0, 0]",5,"[0, 1, 0, 0, 0, 0, 0]","[0, 1, 0, 0, 0, 0, 0]",43,0,0,0,8,6,7,7,6,373c26ce480f8d29.jpg,1,"[[0, 0, 1022, 677]]",Place Identifier,0,1024,681,annotator14,373c26ce480f8d29_Office building_3,373c26ce480f8d29_Office building_3_annotator14
7,"[1, 0, 0, 0, 0, 0]",5,"[0, 1, 0, 0, 0, 0, 0]","[0, 1, 0, 0, 0, 0, 0]",43,0,0,0,8,6,7,7,6,373c26ce480f8d29.jpg,1,"[[280, 180, 461, 498]]",Others,0,1024,681,annotator14,373c26ce480f8d29_Person_1,373c26ce480f8d29_Person_1_annotator14
8,"[1, 0, 0, 0, 0, 0]",0,"[0, 1, 0, 0, 0, 0, 0]","[0, 1, 0, 0, 0, 0, 0]",43,0,0,0,8,6,7,7,6,0a37aa0734ac8016.jpg,1,"[[21, 173, 27, 19], [173, 236, 37, 27], [319, 409, 79, 66]]",Vehicle Plate,0,1024,681,annotator14,0a37aa0734ac8016_Vehicle registration plate_4-5-6,0a37aa0734ac8016_Vehicle registration plate_4-5-6_annotator14
13,"[1, 0, 0, 0, 0, 0]",6,"[0, 1, 0, 0, 0, 0, 0]","[0, 1, 0, 0, 0, 0, 0]",43,0,0,0,8,6,7,7,6,11699.jpg,0,"[[207, 101, 223, 431], [49, 78, 175, 342]]",Person,0,480,640,annotator14,11699_person_7-8,11699_person_7-8_annotator14
4,"[1, 0, 0, 0, 0, 0]",6,"[0, 1, 0, 0, 0, 0, 0]","[0, 1, 0, 0, 0, 0, 0]",43,0,0,0,8,6,7,7,6,12afe1d19dabcba1.jpg,1,"[[0, 159, 301, 519], [331, 224, 189, 454]]",Person,0,1024,679,annotator14,12afe1d19dabcba1_Man_4-5,12afe1d19dabcba1_Man_4-5_annotator14
2,"[1, 0, 0, 0, 0, 0]",6,"[0, 1, 0, 0, 0, 0, 0]","[0, 1, 0, 0, 0, 0, 0]",43,0,0,0,8,6,7,7,6,373c26ce480f8d29.jpg,1,"[[363, 171, 223, 210]]",Person,0,1024,681,annotator14,373c26ce480f8d29_Human face_0,373c26ce480f8d29_Human face_0_annotator14
12,"[1, 0, 0, 0, 0, 0]",0,"[0, 1, 0, 0, 0, 0, 0]","[0, 1, 0, 0, 0, 0, 0]",43,0,0,0,8,6,7,7,6,110371.jpg,0,"[[130, 131, 240, 296], [347, 126, 198, 270]]",Others,0,640,459,annotator14,110371_motorcycle_3-4,110371_motorcycle_3-4_annotator14
9,"[1, 0, 0, 0, 0, 0]",6,"[0, 1, 0, 0, 0, 0, 0]","[0, 1, 0, 0, 0, 0, 0]",43,0,0,0,8,6,7,7,6,12afe1d19dabcba1.jpg,1,"[[754, 248, 106, 162]]",Person,0,1024,679,annotator14,12afe1d19dabcba1_Woman_3,12afe1d19dabcba1_Woman_3_annotator14
