category,informationType,informativeness,sharingOwner,sharingOthers,age,gender,frequency,platform,extraversion,agreeableness,conscientiousness,neuroticism,openness,imagePath,originalDataset,bbox,DIPACategory,nationality,width,height,AnnotatorId,ObjectId,ObjectAnnotatorId
6,"[1, 0, 0, 1, 0, 0]",5,"[0, 1, 1, 1, 0, 0, 0]","[0, 1, 0, 0, 0, 0, 0]",35,0,1,0,5,5,8,9,8,59f89863852379cf.jpg,1,"[[0, 39, 868, 728]]",Others,0,1024,768,annotator332,59f89863852379cf_Person_28,59f89863852379cf_Person_28_annotator332
2,"[1, 0, 0, 0, 0, 0]",5,"[0, 1, 1, 1, 0, 0, 0]","[1, 0, 0, 0, 0, 0, 0]",35,0,1,0,5,5,8,9,8,4a8a66861e06950b.jpg,1,"[[456, 345, 44, 51], [510, 366, 38, 47], [547, 360, 57, 75]]",Person,0,1024,768,annotator332,4a8a66861e06950b_Human face_0-1-2,4a8a66861e06950b_Human face_0-1-2_annotator332
1,"[1, 0, 0, 0, 0, 0]",5,"[1, 0, 0, 0, 0, 0, 0]","[1, 0, 0, 0, 0, 0, 0]",35,0,1,0,5,5,8,9,8,59f89863852379cf.jpg,1,"[[0, 41, 870, 724]]",Person,0,1024,768,annotator332,59f89863852379cf_Human body_29,59f89863852379cf_Human body_29_annotator332
4,"[1, 0, 0, 0, 0, 0]",5,"[0, 1, 1, 1, 0, 0, 0]","[1, 0, 0, 0, 0, 0, 0]",35,0,1,0,5,5,8,9,8,4a8a66861e06950b.jpg,1,"[[435, 326, 76, 436], [475, 347, 188, 420]]",Person,0,1024,768,annotator332,4a8a66861e06950b_Man_10-11,4a8a66861e06950b_Man_10-11_annotator332
7,"[0, 0, 0, 0, 1, 0]",4,"[1, 0, 0, 0, 0, 0, 0]","[1, 0, 0, 0, 0, 0, 0]",35,0,1,0,5,5,8,9,8,050874abcc46c370.jpg,1,"[[84, 44, 579, 577]]",Others,0,750,750,annotator332,050874abcc46c370_identity_0,050874abcc46c370_identity_0_annotator332
