category,informationType,informativeness,sharingOwner,sharingOthers,age,gender,frequency,platform,extraversion,agreeableness,conscientiousness,neuroticism,openness,imagePath,originalDataset,bbox,DIPACategory,nationality,width,height,AnnotatorId,ObjectId,ObjectAnnotatorId
4,"[1, 1, 0, 1, 0, 0]",5,"[1, 0, 0, 0, 0, 0, 0]","[1, 0, 0, 0, 0, 0, 0]",38,0,1,0,8,6,8,4,7,170601.jpg,0,"[[172, 227, 120, 391]]",Person,0,427,640,annotator246,170601_person_1,170601_person_1_annotator246
1,"[1, 0, 1, 1, 1, 0]",5,"[0, 1, 0, 0, 0, 0, 0]","[0, 1, 0, 0, 0, 0, 0]",38,0,1,0,8,6,8,4,7,146316cdeb2aef2a.jpg,1,"[[502, 123, 92, 137]]",Others,0,1024,683,annotator246,146316cdeb2aef2a_Manual Label_0,146316cdeb2aef2a_Manual Label_0_annotator246
1,"[1, 0, 0, 0, 0, 0]",5,"[1, 0, 0, 0, 0, 0, 0]","[1, 0, 0, 0, 0, 0, 0]",38,0,1,0,8,6,8,4,7,110982.jpg,0,"[[163, 87, 257, 273]]",Others,0,640,480,annotator246,110982_Manual Label_0,110982_Manual Label_0_annotator246
2,"[1, 0, 0, 0, 0, 0]",4,"[0, 1, 0, 0, 0, 0, 0]","[0, 1, 0, 0, 0, 0, 0]",38,0,1,0,8,6,8,4,7,0ca56558107bdae5.jpg,1,"[[0, 28, 862, 737]]",Person,0,1024,768,annotator246,0ca56558107bdae5_Woman_10,0ca56558107bdae5_Woman_10_annotator246
5,"[1, 0, 0, 0, 0, 0]",5,"[1, 0, 0, 0, 0, 0, 0]","[1, 0, 0, 0, 0, 0, 0]",38,0,1,0,8,6,8,4,7,11661.jpg,0,"[[548, 312, 90, 21], [470, 257, 64, 24], [627, 279, 12, 34], [542, 250, 58, 9]]",Others,0,640,428,annotator246,11661_table_0-1-2-3,11661_table_0-1-2-3_annotator246
