category,informationType,informativeness,sharingOwner,sharingOthers,age,gender,frequency,platform,extraversion,agreeableness,conscientiousness,neuroticism,openness,imagePath,originalDataset,bbox,DIPACategory,nationality,width,height,AnnotatorId,ObjectId,ObjectAnnotatorId
6,"[0, 1, 0, 0, 0, 0]",3,"[0, 1, 1, 1, 1, 1, 0]","[0, 1, 1, 1, 1, 1, 0]",38,0,3,0,6,8,7,8,7,10566.jpg,0,"[[112, 324, 67, 17], [269, 345, 19, 23], [202, 325, 59, 37], [256, 341, 21, 25], [0, 299, 217, 84]]",Others,0,640,427,annotator588,10566_awning_0-1-2-3-4,10566_awning_0-1-2-3-4_annotator588
2,"[1, 0, 0, 0, 0, 0]",5,"[0, 1, 1, 1, 1, 0, 0]","[0, 1, 1, 0, 0, 0, 0]",38,0,3,0,6,8,7,8,7,30aa53f05602d3ec.jpg,1,"[[436, 0, 587, 768]]",Person,0,1024,768,annotator588,30aa53f05602d3ec_Man_29,30aa53f05602d3ec_Man_29_annotator588
1,"[0, 0, 1, 0, 0, 1]",1,"[0, 1, 1, 1, 1, 1, 0]","[0, 1, 1, 1, 1, 1, 0]",38,0,3,0,6,8,7,8,7,05798ca4c1946ae1.jpg,1,"[[0, 0, 1024, 990], [301, 96, 700, 744]]",Others,0,1024,990,annotator588,05798ca4c1946ae1_Mammal_6-7,05798ca4c1946ae1_Mammal_6-7_annotator588
7,"[0, 1, 0, 0, 0, 0]",3,"[0, 1, 1, 1, 1, 1, 0]","[0, 1, 1, 1, 1, 1, 0]",38,0,3,0,6,8,7,8,7,10566.jpg,0,"[[379, 387, 15, 39], [0, 300, 218, 84], [497, 23, 77, 115], [597, 240, 42, 72], [451, 129, 139, 192], [431, 0, 173, 40]]",Place Identifier,0,640,427,annotator588,10566_signboard_11-12-13-14-15-16,10566_signboard_11-12-13-14-15-16_annotator588
3,"[1, 0, 0, 0, 0, 0]",5,"[0, 1, 1, 1, 1, 0, 0]","[0, 1, 1, 1, 1, 0, 0]",38,0,3,0,6,8,7,8,7,170048.jpg,0,"[[350, 108, 35, 172]]",Others,0,500,335,annotator588,170048_Manual Label_0,170048_Manual Label_0_annotator588
