category,informationType,informativeness,sharingOwner,sharingOthers,age,gender,frequency,platform,extraversion,agreeableness,conscientiousness,neuroticism,openness,imagePath,originalDataset,bbox,DIPACategory,nationality,width,height,AnnotatorId,ObjectId,ObjectAnnotatorId
4,"[1, 0, 0, 0, 0, 0]",5,"[1, 0, 0, 0, 0, 0, 0]","[1, 0, 0, 0, 0, 0, 0]",33,0,2,0,7,9,9,6,6,171012.jpg,0,"[[184, 119, 375, 276]]",Others,0,640,460,annotator400,171012_motorcycle_2,171012_motorcycle_2_annotator400
1,"[0, 0, 0, 0, 1, 0]",5,"[1, 0, 0, 0, 0, 0, 0]","[1, 0, 0, 0, 0, 0, 0]",33,0,2,0,7,9,9,6,6,1dcb56c59a10d0d6.jpg,1,"[[5, 16, 620, 464]]",Others,0,640,480,annotator400,1dcb56c59a10d0d6_identity_0,1dcb56c59a10d0d6_identity_0_annotator400
0,"[1, 0, 0, 0, 0, 0]",5,"[0, 1, 0, 0, 0, 0, 0]","[1, 0, 0, 0, 0, 0, 0]",33,0,2,0,7,9,9,6,6,118544.jpg,0,"[[71, 12, 55, 79]]",Others,0,320,240,annotator400,118544_Object 0_0,118544_Object 0_0_annotator400
5,"[0, 1, 0, 0, 0, 0]",4,"[0, 1, 0, 0, 0, 0, 0]","[1, 0, 0, 0, 0, 0, 0]",33,0,2,0,7,9,9,6,6,112480.jpg,0,"[[151, 166, 33, 42], [69, 164, 24, 29], [200, 84, 47, 91]]",Others,0,640,478,annotator400,112480_street_sign_0-1-2,112480_street_sign_0-1-2_annotator400
1,"[1, 0, 0, 0, 0, 0]",6,"[1, 0, 0, 0, 0, 0, 0]","[1, 0, 0, 0, 0, 0, 0]",33,0,2,0,7,9,9,6,6,03fc1d1fee824cae.jpg,1,"[[115, 2, 482, 610]]",Others,0,612,612,annotator400,03fc1d1fee824cae_identity_0,03fc1d1fee824cae_identity_0_annotator400
