category,informationType,informativeness,sharingOwner,sharingOthers,age,gender,frequency,platform,extraversion,agreeableness,conscientiousness,neuroticism,openness,imagePath,originalDataset,bbox,DIPACategory,nationality,width,height,AnnotatorId,ObjectId,ObjectAnnotatorId
7,"[0, 0, 1, 0, 0, 0]",4,"[0, 0, 1, 0, 0, 0, 0]","[0, 1, 0, 0, 0, 0, 0]",23,0,2,0,6,8,5,6,6,205904.jpg,0,"[[194, 202, 70, 176], [573, 147, 8, 29]]",Others,0,640,480,annotator79,205904_handbag_0-1,205904_handbag_0-1_annotator79
2,"[0, 0, 1, 1, 0, 0]",4,"[0, 0, 0, 1, 0, 0, 0]","[0, 0, 1, 0, 0, 0, 0]",23,0,2,0,6,8,5,6,6,0293d27f2c20c95e.jpg,1,"[[129, 179, 466, 770]]",Person,0,683,1024,annotator79,0293d27f2c20c95e_Human arm_4,0293d27f2c20c95e_Human arm_4_annotator79
1,"[0, 1, 1, 0, 0, 0]",4,"[0, 0, 1, 0, 0, 0, 0]","[0, 0, 0, 1, 0, 0, 0]",23,0,2,0,6,8,5,6,6,408bfc9875660552.jpg,1,"[[0, 0, 1022, 772]]",Others,0,1024,776,annotator79,408bfc9875660552_House_2,408bfc9875660552_House_2_annotator79
4,"[0, 1, 1, 0, 0, 0]",4,"[0, 1, 0, 1, 0, 0, 0]","[0, 0, 1, 0, 0, 0, 0]",23,0,2,0,6,8,5,6,6,18da2f5082dcfbfc.jpg,1,"[[532, 251, 38, 12], [608, 251, 36, 12]]",Person,0,1024,711,annotator79,18da2f5082dcfbfc_Human eye_1-2,18da2f5082dcfbfc_Human eye_1-2_annotator79
8,"[0, 1, 1, 1, 0, 0]",4,"[0, 0, 0, 1, 0, 0, 0]","[0, 0, 1, 0, 0, 0, 0]",23,0,2,0,6,8,5,6,6,124803.jpg,0,"[[329, 162, 45, 81]]",Screen,0,375,500,annotator79,124803_laptop_computer_0,124803_laptop_computer_0_annotator79
