category,informationType,informativeness,sharingOwner,sharingOthers,age,gender,frequency,platform,extraversion,agreeableness,conscientiousness,neuroticism,openness,imagePath,originalDataset,bbox,DIPACategory,nationality,width,height,AnnotatorId,ObjectId,ObjectAnnotatorId
5,"[1, 0, 0, 0, 0, 0]",4,"[0, 1, 1, 0, 0, 0, 0]","[1, 0, 0, 0, 0, 0, 0]",23,0,1,0,8,6,4,6,6,1503.jpg,0,"[[0, 98, 125, 140]]",Screen,0,320,240,annotator549,1503_laptop_computer_0,1503_laptop_computer_0_annotator549
2,"[0, 1, 0, 0, 0, 0]",2,"[0, 1, 1, 0, 0, 0, 0]","[0, 1, 1, 0, 0, 0, 0]",23,0,1,0,8,6,4,6,6,1503.jpg,0,"[[1, 2, 61, 90]]",Others,0,320,240,annotator549,1503_Object 0_3,1503_Object 0_3_annotator549
1,"[0, 1, 0, 0, 0, 0]",3,"[0, 1, 1, 0, 0, 0, 0]","[0, 1, 1, 0, 0, 0, 0]",23,0,1,0,8,6,4,6,6,50202badfd6b50fe.jpg,1,"[[0, 0, 1022, 679]]",Others,0,1024,681,annotator549,50202badfd6b50fe_House_27,50202badfd6b50fe_House_27_annotator549
6,"[1, 0, 0, 0, 0, 0]",4,"[0, 1, 1, 0, 0, 0, 0]","[1, 0, 0, 0, 0, 0, 0]",23,0,1,0,8,6,4,6,6,1503.jpg,0,"[[0, 103, 61, 80], [123, 10, 113, 93]]",Screen,0,320,240,annotator549,1503_monitor_(computer_equipment) computer_monitor_1-2,1503_monitor_(computer_equipment) computer_monitor_1-2_annotator549
2,"[1, 0, 0, 0, 0, 0]",3,"[0, 0, 0, 0, 0, 0, 1]","[1, 0, 0, 0, 0, 0, 0]",23,0,1,0,8,6,4,6,6,00e6fc477ccfd5ba.jpg,1,"[[91, 67, 136, 355]]",Others,0,1024,728,annotator549,00e6fc477ccfd5ba_Object 0_1,00e6fc477ccfd5ba_Object 0_1_annotator549
