category,informationType,informativeness,sharingOwner,sharingOthers,age,gender,frequency,platform,extraversion,agreeableness,conscientiousness,neuroticism,openness,imagePath,originalDataset,bbox,DIPACategory,nationality,width,height,AnnotatorId,ObjectId,ObjectAnnotatorId
5,"[1, 0, 0, 0, 0, 1]",4,"[1, 0, 0, 0, 0, 0, 0]","[1, 0, 0, 0, 0, 0, 0]",30,0,0,0,2,3,7,6,7,01b4f093f795747b.jpg,1,"[[132, 178, 508, 845]]",Person,0,684,1024,annotator321,01b4f093f795747b_Woman_12,01b4f093f795747b_Woman_12_annotator321
1,"[1, 0, 0, 0, 0, 0]",4,"[1, 0, 0, 0, 0, 0, 0]","[1, 0, 0, 0, 0, 0, 0]",30,0,0,0,2,3,7,6,7,01b4f093f795747b.jpg,1,"[[132, 170, 507, 851]]",Person,0,684,1024,annotator321,01b4f093f795747b_Girl_3,01b4f093f795747b_Girl_3_annotator321
0,"[0, 1, 0, 0, 0, 0]",5,"[1, 0, 0, 0, 0, 0, 0]","[1, 0, 0, 0, 0, 0, 0]",30,0,0,0,2,3,7,6,7,d01d43bf0d8dc8e5.jpg,1,"[[550, 0, 473, 673]]",Others,0,1024,768,annotator321,d01d43bf0d8dc8e5_Building_1,d01d43bf0d8dc8e5_Building_1_annotator321
6,"[0, 0, 0, 0, 1, 0]",5,"[1, 0, 0, 0, 0, 0, 0]","[1, 0, 0, 0, 0, 0, 0]",30,0,0,0,2,3,7,6,7,117447.jpg,0,"[[54, 92, 145, 86], [216, 46, 216, 127]]",Screen,0,500,375,annotator321,117447_monitor_(computer_equipment) computer_monitor_0-1,117447_monitor_(computer_equipment) computer_monitor_0-1_annotator321
2,"[1, 0, 0, 0, 0, 0]",4,"[1, 0, 0, 0, 0, 0, 0]","[1, 0, 0, 0, 0, 0, 0]",30,0,0,0,2,3,7,6,7,01b4f093f795747b.jpg,1,"[[368, 69, 286, 545]]",Person,0,684,1024,annotator321,01b4f093f795747b_Man_13,01b4f093f795747b_Man_13_annotator321
