category,informationType,informativeness,sharingOwner,sharingOthers,age,gender,frequency,platform,extraversion,agreeableness,conscientiousness,neuroticism,openness,imagePath,originalDataset,bbox,DIPACategory,nationality,width,height,AnnotatorId,ObjectId,ObjectAnnotatorId
3,"[1, 0, 0, 0, 0, 0]",6,"[1, 0, 0, 0, 0, 0, 0]","[1, 0, 0, 0, 0, 0, 0]",45,0,0,0,5,9,7,5,6,16f352b006a890cd.jpg,1,"[[184, 271, 36, 44], [720, 265, 36, 51], [819, 289, 46, 56]]",Person,0,1024,768,annotator521,16f352b006a890cd_Human head_18-19-20,16f352b006a890cd_Human head_18-19-20_annotator521
6,"[1, 0, 0, 0, 0, 0]",4,"[1, 0, 0, 0, 0, 0, 0]","[1, 0, 0, 0, 0, 0, 0]",45,0,0,0,5,9,7,5,6,121586.jpg,0,"[[485, 295, 72, 69]]",Others,0,640,478,annotator521,121586_award_1,121586_award_1_annotator521
1,"[1, 1, 0, 0, 0, 0]",6,"[1, 0, 0, 0, 0, 0, 0]","[1, 0, 0, 0, 0, 0, 0]",45,0,0,0,5,9,7,5,6,16f352b006a890cd.jpg,1,"[[185, 283, 32, 33], [721, 281, 33, 33], [819, 305, 14, 39]]",Person,0,1024,768,annotator521,16f352b006a890cd_Human face_0-1-2,16f352b006a890cd_Human face_0-1-2_annotator521
7,"[1, 1, 0, 0, 0, 0]",5,"[0, 1, 0, 0, 0, 0, 0]","[0, 1, 0, 0, 0, 0, 0]",45,0,0,0,5,9,7,5,6,117988.jpg,0,"[[177, 52, 90, 142]]",Others,0,500,375,annotator521,117988_umbrella_6,117988_umbrella_6_annotator521
4,"[1, 1, 0, 0, 0, 0]",5,"[0, 1, 0, 0, 0, 0, 0]","[0, 1, 0, 0, 0, 0, 0]",45,0,0,0,5,9,7,5,6,117988.jpg,0,"[[208, 79, 61, 59]]",Others,0,500,375,annotator521,117988_Object 0_5,117988_Object 0_5_annotator521
1,"[1, 0, 1, 0, 0, 0]",6,"[1, 0, 0, 0, 0, 0, 0]","[0, 0, 0, 0, 1, 0, 0]",45,0,0,0,5,9,7,5,6,683307758eb4fd7c.jpg,1,"[[257, 172, 96, 140]]",Person,0,1024,682,annotator521,683307758eb4fd7c_Human face_0,683307758eb4fd7c_Human face_0_annotator521
5,"[1, 0, 0, 0, 0, 0]",6,"[1, 0, 0, 0, 0, 0, 0]","[0, 0, 0, 0, 1, 0, 0]",45,0,0,0,5,9,7,5,6,683307758eb4fd7c.jpg,1,"[[143, 147, 461, 534]]",Others,0,1024,682,annotator521,683307758eb4fd7c_Person_4,683307758eb4fd7c_Person_4_annotator521
