category,informationType,informativeness,sharingOwner,sharingOthers,age,gender,frequency,platform,extraversion,agreeableness,conscientiousness,neuroticism,openness,imagePath,originalDataset,bbox,DIPACategory,nationality,width,height,AnnotatorId,ObjectId,ObjectAnnotatorId
6,"[1, 0, 0, 0, 0, 0]",6,"[1, 0, 0, 0, 0, 0, 0]","[1, 0, 0, 0, 0, 0, 0]",44,0,0,0,5,9,8,6,10,018d4a117c1d7e16.jpg,1,"[[84, 131, 565, 549]]",Others,0,1024,682,annotator59,018d4a117c1d7e16_Person_2,018d4a117c1d7e16_Person_2_annotator59
9,"[0, 0, 0, 1, 0, 0]",4,"[0, 0, 0, 1, 0, 0, 0]","[0, 0, 0, 1, 0, 0, 0]",44,0,0,0,5,9,8,6,10,147448.jpg,0,"[[519, 225, 8, 14]]",Accessory,0,640,429,annotator59,147448_ring_0,147448_ring_0_annotator59
4,"[1, 0, 0, 0, 0, 0]",6,"[1, 0, 0, 0, 0, 0, 0]","[1, 0, 0, 0, 0, 0, 0]",44,0,0,0,5,9,8,6,10,4a8a66861e06950b.jpg,1,"[[456, 345, 44, 51], [510, 366, 38, 47], [547, 360, 57, 75]]",Person,0,1024,768,annotator59,4a8a66861e06950b_Human face_0-1-2,4a8a66861e06950b_Human face_0-1-2_annotator59
8,"[1, 0, 0, 1, 0, 0]",4,"[1, 0, 0, 0, 0, 0, 0]","[1, 0, 0, 0, 0, 0, 0]",44,0,0,0,5,9,8,6,10,050874abcc46c370.jpg,1,"[[84, 44, 579, 577]]",Others,0,750,750,annotator59,050874abcc46c370_identity_0,050874abcc46c370_identity_0_annotator59
2,"[1, 0, 0, 0, 0, 0]",6,"[1, 0, 0, 0, 0, 0, 0]","[1, 0, 0, 0, 0, 0, 0]",44,0,0,0,5,9,8,6,10,59f89863852379cf.jpg,1,"[[419, 196, 118, 176], [483, 211, 187, 340]]",Person,0,1024,768,annotator59,59f89863852379cf_Girl_26-27,59f89863852379cf_Girl_26-27_annotator59
6,"[1, 0, 1, 0, 0, 0]",6,"[1, 0, 0, 0, 0, 0, 0]","[1, 0, 0, 0, 0, 0, 0]",44,0,0,0,5,9,8,6,10,59f89863852379cf.jpg,1,"[[0, 39, 868, 728]]",Others,0,1024,768,annotator59,59f89863852379cf_Person_28,59f89863852379cf_Person_28_annotator59
1,"[0, 0, 0, 1, 0, 0]",4,"[1, 0, 0, 0, 0, 0, 0]","[1, 0, 0, 0, 0, 0, 0]",44,0,0,0,5,9,8,6,10,018d4a117c1d7e16.jpg,1,"[[82, 132, 401, 549]]",Clothing,0,1024,682,annotator59,018d4a117c1d7e16_Clothing_4,018d4a117c1d7e16_Clothing_4_annotator59
