category,informationType,informativeness,sharingOwner,sharingOthers,age,gender,frequency,platform,extraversion,agreeableness,conscientiousness,neuroticism,openness,imagePath,originalDataset,bbox,DIPACategory,nationality,width,height,AnnotatorId,ObjectId,ObjectAnnotatorId
6,"[0, 1, 0, 0, 0, 0]",3,"[0, 1, 1, 1, 0, 0, 0]","[1, 0, 0, 0, 0, 0, 0]",32,0,0,0,2,4,7,10,6,200764.jpg,0,"[[140, 202, 136, 178]]",Clothing,0,480,640,annotator470,200764_bib_0,200764_bib_0_annotator470
10,"[1, 0, 0, 0, 0, 0]",3,"[0, 1, 1, 1, 0, 0, 0]","[1, 0, 0, 0, 0, 0, 0]",32,0,0,0,2,4,7,10,6,274724.jpg,0,"[[351, 215, 8, 8]]",Accessory,0,480,640,annotator470,274724_ring_2,274724_ring_2_annotator470
4,"[0, 1, 0, 0, 0, 0]",2,"[0, 1, 1, 1, 0, 0, 0]","[1, 0, 0, 0, 0, 0, 0]",32,0,0,0,2,4,7,10,6,5dfb639b0462ca3f.jpg,1,"[[0, 0, 1022, 766]]",Place Identifier,0,1024,768,annotator470,5dfb639b0462ca3f_Office building_0,5dfb639b0462ca3f_Office building_0_annotator470
9,"[0, 1, 0, 0, 0, 0]",3,"[0, 1, 1, 0, 0, 0, 0]","[1, 0, 0, 0, 0, 0, 0]",32,0,0,0,2,4,7,10,6,17582.jpg,0,"[[140, 62, 69, 169], [212, 37, 86, 195], [70, 33, 71, 199]]",Person,0,350,233,annotator470,17582_person_0-1-2,17582_person_0-1-2_annotator470
2,"[1, 1, 0, 0, 0, 0]",4,"[0, 1, 1, 1, 0, 0, 0]","[1, 0, 0, 0, 0, 0, 0]",32,0,0,0,2,4,7,10,6,315977d3a6ee6802.jpg,1,"[[300, 114, 419, 565]]",Others,0,1024,682,annotator470,315977d3a6ee6802_Mammal_2,315977d3a6ee6802_Mammal_2_annotator470
8,"[0, 0, 1, 0, 0, 0]",4,"[0, 1, 1, 1, 0, 0, 0]","[0, 1, 1, 1, 0, 0, 0]",32,0,0,0,2,4,7,10,6,035724a91b4ae18b.jpg,1,"[[10, 16, 414, 527], [438, 30, 413, 526]]",Others,0,851,556,annotator470,035724a91b4ae18b_identity_0-1,035724a91b4ae18b_identity_0-1_annotator470
1,"[1, 0, 0, 0, 0, 0]",4,"[0, 1, 1, 1, 0, 0, 0]","[1, 0, 0, 0, 0, 0, 0]",32,0,0,0,2,4,7,10,6,315977d3a6ee6802.jpg,1,"[[503, 113, 146, 159]]",Person,0,1024,682,annotator470,315977d3a6ee6802_Human hair_0,315977d3a6ee6802_Human hair_0_annotator470
