category,informationType,informativeness,sharingOwner,sharingOthers,age,gender,frequency,platform,extraversion,agreeableness,conscientiousness,neuroticism,openness,imagePath,originalDataset,bbox,DIPACategory,nationality,width,height,AnnotatorId,ObjectId,ObjectAnnotatorId
6,"[1, 0, 0, 0, 0, 0]",6,"[1, 0, 0, 0, 0, 0, 0]","[1, 0, 0, 0, 0, 0, 0]",40,0,0,0,6,6,7,9,8,146467.jpg,0,"[[27, 213, 78, 131], [370, 233, 65, 106], [550, 238, 30, 64], [486, 190, 89, 215], [404, 223, 69, 139]]",Person,0,640,427,annotator133,146467_person_0-1-2-3-4,146467_person_0-1-2-3-4_annotator133
2,"[1, 0, 0, 0, 0, 0]",4,"[0, 1, 1, 1, 0, 0, 0]","[0, 1, 1, 1, 0, 0, 0]",40,0,0,0,6,6,7,9,8,03b7b71e1ffcb7a8.jpg,1,"[[0, 315, 64, 58]]",Vehicle Plate,0,1024,683,annotator133,03b7b71e1ffcb7a8_Vehicle registration plate_0,03b7b71e1ffcb7a8_Vehicle registration plate_0_annotator133
1,"[0, 0, 0, 1, 0, 0]",5,"[0, 1, 1, 1, 0, 0, 0]","[0, 1, 0, 0, 0, 0, 0]",40,0,0,0,6,6,7,9,8,0022d0ab1e1347ab.jpg,1,"[[49, 131, 974, 636]]",Pet,0,1024,768,annotator133,0022d0ab1e1347ab_Dog_0,0022d0ab1e1347ab_Dog_0_annotator133
3,"[0, 0, 0, 1, 0, 0]",4,"[0, 1, 1, 1, 1, 0, 0]","[0, 1, 1, 1, 0, 0, 0]",40,0,0,0,6,6,7,9,8,179392.jpg,0,"[[0, 288, 135, 175]]",Book,0,480,640,annotator133,179392_book_0,179392_book_0_annotator133
