category,informationType,informativeness,sharingOwner,sharingOthers,age,gender,frequency,platform,extraversion,agreeableness,conscientiousness,neuroticism,openness,imagePath,originalDataset,bbox,DIPACategory,nationality,width,height,AnnotatorId,ObjectId,ObjectAnnotatorId
6,"[0, 0, 0, 0, 0, 1]",5,"[0, 1, 0, 0, 0, 0, 0]","[0, 1, 0, 0, 0, 0, 0]",49,0,2,0,5,6,8,5,7,00cdf56c63191fd3.jpg,1,"[[42, 22, 422, 792], [555, 470, 425, 351]]",Person,0,1024,871,annotator434,00cdf56c63191fd3_Woman_14-15,00cdf56c63191fd3_Woman_14-15_annotator434
2,"[0, 0, 0, 0, 0, 1]",5,"[0, 1, 0, 0, 0, 0, 0]","[0, 1, 1, 0, 0, 0, 0]",49,0,2,0,5,6,8,5,7,00cdf56c63191fd3.jpg,1,"[[42, 30, 981, 785]]",Person,0,1024,871,annotator434,00cdf56c63191fd3_Human body_10,00cdf56c63191fd3_Human body_10_annotator434
1,"[0, 0, 0, 0, 0, 1]",5,"[0, 1, 1, 0, 0, 0, 0]","[0, 1, 1, 0, 0, 0, 0]",49,0,2,0,5,6,8,5,7,00cdf56c63191fd3.jpg,1,"[[42, 30, 425, 784], [557, 470, 419, 346]]",Person,0,1024,871,annotator434,00cdf56c63191fd3_Girl_6-7,00cdf56c63191fd3_Girl_6-7_annotator434
7,"[1, 0, 1, 0, 0, 0]",4,"[0, 1, 1, 1, 0, 0, 0]","[0, 1, 1, 1, 0, 0, 0]",49,0,2,0,5,6,8,5,7,104621.jpg,0,"[[330, 178, 26, 13], [193, 174, 24, 13], [453, 117, 12, 6], [398, 106, 6, 4]]",Vehicle Plate,0,640,480,annotator434,104621_license_plate_2-3-4-5,104621_license_plate_2-3-4-5_annotator434
3,"[0, 0, 1, 0, 0, 0]",3,"[0, 1, 1, 1, 0, 0, 0]","[0, 1, 1, 0, 0, 0, 0]",49,0,2,0,5,6,8,5,7,127324.jpg,0,"[[264, 129, 45, 52]]",Others,0,640,427,annotator434,127324_Object 0_0,127324_Object 0_0_annotator434
