category,informationType,informativeness,sharingOwner,sharingOthers,age,gender,frequency,platform,extraversion,agreeableness,conscientiousness,neuroticism,openness,imagePath,originalDataset,bbox,DIPACategory,nationality,width,height,AnnotatorId,ObjectId,ObjectAnnotatorId
3,"[1, 0, 0, 1, 0, 0]",5,"[0, 1, 0, 0, 0, 0, 0]","[1, 0, 0, 0, 0, 0, 0]",52,0,3,0,7,4,6,9,7,214871.jpg,0,"[[149, 12, 202, 690]]",Others,0,480,640,annotator191,214871_Object 0_1,214871_Object 0_1_annotator191
1,"[1, 0, 0, 0, 0, 0]",6,"[0, 1, 0, 0, 0, 0, 0]","[1, 0, 0, 0, 0, 0, 0]",52,0,3,0,7,4,6,9,7,0472586d97db6daf.jpg,1,"[[382, 80, 161, 217], [930, 0, 93, 51]]",Person,0,1024,683,annotator191,0472586d97db6daf_Human head_3-4,0472586d97db6daf_Human head_3-4_annotator191
1,"[1, 0, 0, 0, 0, 0]",6,"[0, 1, 0, 0, 0, 0, 0]","[1, 0, 0, 0, 0, 0, 0]",52,0,3,0,7,4,6,9,7,00146ba1e50ed8d8.jpg,1,"[[127, 90, 218, 221], [292, 346, 170, 211]]",Person,0,1024,793,annotator191,00146ba1e50ed8d8_Human head_4-5,00146ba1e50ed8d8_Human head_4-5_annotator191
4,"[1, 1, 1, 1, 1, 0]",6,"[1, 0, 0, 0, 0, 0, 0]","[1, 0, 0, 0, 0, 0, 0]",52,0,3,0,7,4,6,9,7,0f5a50a4cfde67df.jpg,1,"[[206, 337, 319, 253]]",Others,0,800,600,annotator191,0f5a50a4cfde67df_identity_0,0f5a50a4cfde67df_identity_0_annotator191
2,"[1, 0, 0, 0, 0, 0]",6,"[0, 1, 0, 0, 0, 0, 0]","[1, 0, 0, 0, 0, 0, 0]",52,0,3,0,7,4,6,9,7,00146ba1e50ed8d8.jpg,1,"[[0, 87, 607, 616], [6, 350, 637, 441], [754, 654, 165, 138], [817, 647, 110, 145]]",Person,0,1024,793,annotator191,00146ba1e50ed8d8_Man_13-14-15-16,00146ba1e50ed8d8_Man_13-14-15-16_annotator191
