category,informationType,informativeness,sharingOwner,sharingOthers,age,gender,frequency,platform,extraversion,agreeableness,conscientiousness,neuroticism,openness,imagePath,originalDataset,bbox,DIPACategory,nationality,width,height,AnnotatorId,ObjectId,ObjectAnnotatorId
5,"[0, 1, 0, 0, 0, 0]",5,"[1, 0, 0, 0, 0, 0, 0]","[1, 0, 0, 0, 0, 0, 0]",54,0,1,0,5,8,9,3,10,122166.jpg,0,"[[58, 163, 56, 100], [331, 273, 7, 21], [125, 245, 25, 32], [342, 231, 19, 67], [625, 274, 13, 13], [453, 273, 7, 9], [451, 282, 11, 11], [271, 214, 23, 50], [369, 241, 15, 32], [625, 260, 14, 14], [451, 253, 10, 19], [576, 291, 8, 8]]",Others,0,640,480,annotator247,122166_street_sign_0-1-2-3-4-5-6-7-8-9-10-11,122166_street_sign_0-1-2-3-4-5-6-7-8-9-10-11_annotator247
1,"[1, 0, 0, 0, 0, 0]",5,"[1, 0, 0, 0, 0, 0, 0]","[1, 0, 0, 0, 0, 0, 0]",54,0,1,0,5,8,9,3,10,122166.jpg,0,"[[87, 234, 28, 30]]",Others,0,640,480,annotator247,122166_Manual Label_0,122166_Manual Label_0_annotator247
1,"[1, 0, 0, 0, 0, 0]",5,"[0, 1, 0, 0, 0, 0, 0]","[0, 1, 0, 0, 0, 0, 0]",54,0,1,0,5,8,9,3,10,182637.jpg,0,"[[102, 227, 190, 198]]",Others,0,480,640,annotator247,182637_Manual Label_0,182637_Manual Label_0_annotator247
2,"[0, 0, 0, 1, 0, 0]",5,"[1, 0, 0, 0, 0, 0, 0]","[1, 0, 0, 0, 0, 0, 0]",54,0,1,0,5,8,9,3,10,011aa924ac37f130.jpg,1,"[[0, 1, 1024, 767]]",Others,0,1024,768,annotator247,011aa924ac37f130_identity_0,011aa924ac37f130_identity_0_annotator247
