category,informationType,informativeness,sharingOwner,sharingOthers,age,gender,frequency,platform,extraversion,agreeableness,conscientiousness,neuroticism,openness,imagePath,originalDataset,bbox,DIPACategory,nationality,width,height,AnnotatorId,ObjectId,ObjectAnnotatorId
5,"[1, 0, 0, 0, 0, 0]",6,"[0, 1, 1, 1, 0, 0, 0]","[0, 1, 0, 0, 0, 0, 0]",29,0,2,0,5,6,6,6,8,0b9aec984321bf53.jpg,1,"[[510, 15, 425, 667]]",Others,0,1024,683,annotator178,0b9aec984321bf53_Person_1,0b9aec984321bf53_Person_1_annotator178
2,"[0, 0, 0, 0, 1, 0]",4,"[0, 1, 1, 1, 0, 0, 0]","[0, 1, 0, 0, 0, 0, 0]",29,0,2,0,5,6,6,6,8,0b9aec984321bf53.jpg,1,"[[569, 142, 172, 160]]",Person,0,1024,683,annotator178,0b9aec984321bf53_Human head_3,0b9aec984321bf53_Human head_3_annotator178
1,"[0, 0, 0, 0, 1, 0]",1,"[0, 1, 1, 1, 0, 0, 0]","[0, 1, 0, 0, 0, 0, 0]",29,0,2,0,5,6,6,6,8,0b9aec984321bf53.jpg,1,"[[536, 15, 258, 157]]",Others,0,1024,683,annotator178,0b9aec984321bf53_Hat_0,0b9aec984321bf53_Hat_0_annotator178
6,"[0, 0, 0, 1, 0, 0]",1,"[0, 1, 1, 1, 0, 0, 0]","[0, 1, 0, 0, 0, 0, 0]",29,0,2,0,5,6,6,6,8,183236.jpg,0,"[[352, 264, 119, 102]]",Screen,0,480,640,annotator178,183236_laptop_computer_7,183236_laptop_computer_7_annotator178
3,"[1, 0, 0, 0, 0, 0]",4,"[0, 1, 1, 1, 0, 0, 0]","[0, 1, 1, 0, 0, 0, 0]",29,0,2,0,5,6,6,6,8,74d9c3ea2244fe8f.jpg,1,"[[218, 0, 803, 679]]",Person,0,1024,683,annotator178,74d9c3ea2244fe8f_Man_0,74d9c3ea2244fe8f_Man_0_annotator178
