category,informationType,informativeness,sharingOwner,sharingOthers,age,gender,frequency,platform,extraversion,agreeableness,conscientiousness,neuroticism,openness,imagePath,originalDataset,bbox,DIPACategory,nationality,width,height,AnnotatorId,ObjectId,ObjectAnnotatorId
6,"[1, 0, 0, 1, 0, 0]",5,"[0, 1, 1, 0, 0, 0, 0]","[0, 1, 1, 0, 0, 0, 0]",30,0,3,0,6,6,6,8,10,146358.jpg,0,"[[232, 95, 130, 116]]",Others,0,388,640,annotator323,146358_Manual Label_0,146358_Manual Label_0_annotator323
11,"[0, 1, 0, 0, 0, 0]",4,"[0, 1, 1, 1, 1, 0, 0]","[0, 1, 1, 1, 1, 0, 0]",30,0,3,0,6,6,6,8,10,177922.jpg,0,"[[130, 176, 359, 249]]",Others,0,640,480,annotator323,177922_bullet_train_0,177922_bullet_train_0_annotator323
4,"[0, 1, 1, 0, 0, 0]",4,"[0, 1, 1, 1, 0, 0, 0]","[0, 1, 1, 1, 0, 0, 0]",30,0,3,0,6,6,6,8,10,13cfe71ebbf0ae3b.jpg,1,"[[0, 528, 259, 222], [292, 483, 249, 208], [569, 467, 145, 132], [689, 580, 332, 185], [729, 452, 104, 39]]",Table,0,1024,768,annotator323,13cfe71ebbf0ae3b_Kitchen & dining room table_1-2-3-4-5,13cfe71ebbf0ae3b_Kitchen & dining room table_1-2-3-4-5_annotator323
10,"[1, 0, 0, 0, 1, 0]",5,"[1, 0, 0, 0, 0, 0, 0]","[1, 0, 0, 0, 0, 0, 0]",30,0,3,0,6,6,6,8,10,030c35e683f00ad8.jpg,1,"[[441, 32, 17, 7], [732, 547, 171, 103]]",Vehicle Plate,0,1024,768,annotator323,030c35e683f00ad8_Vehicle registration plate_0-1,030c35e683f00ad8_Vehicle registration plate_0-1_annotator323
2,"[0, 0, 1, 0, 0, 0]",4,"[0, 0, 0, 0, 1, 0, 0]","[0, 0, 0, 1, 0, 0, 0]",30,0,3,0,6,6,6,8,10,0d03c760fe72ad6e.jpg,1,"[[129, 165, 118, 103], [758, 538, 91, 67]]",Person,0,1024,886,annotator323,0d03c760fe72ad6e_Human hair_2-3,0d03c760fe72ad6e_Human hair_2-3_annotator323
8,"[0, 1, 0, 0, 0, 0]",4,"[0, 1, 1, 0, 0, 0, 0]","[0, 1, 1, 0, 0, 0, 0]",30,0,3,0,6,6,6,8,10,1654c86093ada840.jpg,1,"[[0, 0, 1024, 466]]",Place Identifier,0,1024,466,annotator323,1654c86093ada840_Office building_2,1654c86093ada840_Office building_2_annotator323
1,"[1, 0, 1, 0, 0, 0]",6,"[0, 1, 1, 1, 0, 0, 0]","[0, 1, 1, 1, 0, 0, 0]",30,0,3,0,6,6,6,8,10,0d03c760fe72ad6e.jpg,1,"[[165, 180, 89, 130], [784, 555, 65, 89]]",Person,0,1024,886,annotator323,0d03c760fe72ad6e_Human face_0-1,0d03c760fe72ad6e_Human face_0-1_annotator323
7,"[0, 0, 1, 0, 0, 0]",4,"[0, 0, 0, 0, 1, 0, 0]","[0, 0, 0, 0, 0, 1, 0]",30,0,3,0,6,6,6,8,10,0d03c760fe72ad6e.jpg,1,"[[853, 627, 104, 170]]",Musical instrument,0,1024,886,annotator323,0d03c760fe72ad6e_Musical instrument_4,0d03c760fe72ad6e_Musical instrument_4_annotator323
