category,informationType,informativeness,sharingOwner,sharingOthers,age,gender,frequency,platform,extraversion,agreeableness,conscientiousness,neuroticism,openness,imagePath,originalDataset,bbox,DIPACategory,nationality,width,height,AnnotatorId,ObjectId,ObjectAnnotatorId
5,"[1, 0, 0, 0, 0, 0]",5,"[0, 1, 0, 0, 0, 0, 0]","[1, 0, 0, 0, 0, 0, 0]",35,0,1,0,2,8,8,7,9,111325.jpg,0,"[[75, 190, 30, 31]]",Accessory,0,500,305,annotator478,111325_necklace_12,111325_necklace_12_annotator478
2,"[1, 0, 0, 0, 0, 0]",6,"[0, 1, 0, 0, 0, 0, 0]","[1, 0, 0, 0, 0, 0, 0]",35,0,1,0,2,8,8,7,9,0a7f13330a5d0023.jpg,1,"[[628, 160, 269, 767]]",Others,0,1024,1024,annotator478,0a7f13330a5d0023_Person_0,0a7f13330a5d0023_Person_0_annotator478
1,"[1, 0, 0, 0, 0, 0]",6,"[0, 1, 0, 0, 0, 0, 0]","[1, 0, 0, 0, 0, 0, 0]",35,0,1,0,2,8,8,7,9,370479.jpg,0,"[[387, 45, 116, 90]]",Others,0,640,427,annotator478,370479_Object 0_0,370479_Object 0_0_annotator478
2,"[1, 0, 0, 0, 0, 0]",6,"[0, 1, 0, 0, 0, 0, 0]","[1, 0, 0, 0, 0, 0, 0]",35,0,1,0,2,8,8,7,9,147bc1b2a07abe88.jpg,1,"[[166, 286, 780, 444]]",Others,0,1024,768,annotator478,147bc1b2a07abe88_Person_0,147bc1b2a07abe88_Person_0_annotator478
