category,informationType,informativeness,sharingOwner,sharingOthers,age,gender,frequency,platform,extraversion,agreeableness,conscientiousness,neuroticism,openness,imagePath,originalDataset,bbox,DIPACategory,nationality,width,height,AnnotatorId,ObjectId,ObjectAnnotatorId
5,"[1, 0, 0, 0, 0, 0]",5,"[0, 0, 1, 0, 0, 0, 0]","[0, 0, 1, 0, 0, 0, 0]",29,0,2,0,4,8,6,7,9,46d959ca5aaac005.jpg,0,"[[131, 26, 467, 992]]",Person,0,672,1024,annotator597,46d959ca5aaac005_Woman_1,46d959ca5aaac005_Woman_1_annotator597
1,"[1, 0, 0, 0, 0, 0]",5,"[0, 1, 0, 0, 0, 0, 0]","[1, 0, 0, 0, 0, 0, 0]",29,0,2,0,4,8,6,7,9,34ec1592f40cdfaa.jpg,0,"[[360, 0, 110, 153]]",Person,0,1024,767,annotator597,34ec1592f40cdfaa_Human face_0,34ec1592f40cdfaa_Human face_0_annotator597
1,"[0, 0, 1, 0, 0, 0]",4,"[0, 0, 1, 0, 0, 0, 0]","[0, 1, 0, 0, 0, 0, 0]",29,0,2,0,4,8,6,7,9,46d959ca5aaac005.jpg,0,"[[361, 142, 112, 98]]",Person,0,672,1024,annotator597,46d959ca5aaac005_Human face_0,46d959ca5aaac005_Human face_0_annotator597
2,"[1, 0, 0, 0, 0, 0]",4,"[0, 0, 1, 0, 0, 0, 0]","[0, 0, 1, 0, 0, 0, 0]",29,0,2,0,4,8,6,7,9,0182bd2e43596b71.jpg,0,"[[0, 273, 83, 494], [128, 292, 72, 292], [209, 292, 121, 347], [336, 238, 275, 529], [552, 199, 268, 568]]",Person,0,1024,768,annotator597,0182bd2e43596b71_Man_8-9-10-11-12,0182bd2e43596b71_Man_8-9-10-11-12_annotator597
