category,informationType,informativeness,sharingOwner,sharingOthers,age,gender,frequency,platform,extraversion,agreeableness,conscientiousness,neuroticism,openness,imagePath,originalDataset,bbox,DIPACategory,nationality,width,height,AnnotatorId,ObjectId,ObjectAnnotatorId
7,"[0, 0, 0, 0, 0, 1]",2,"[0, 1, 0, 0, 0, 0, 0]","[1, 0, 0, 0, 0, 0, 0]",33,0,0,0,3,4,6,7,6,0e50ea14c4fc1353.jpg,1,"[[582, 420, 173, 45]]",Vehicle Plate,0,1024,683,annotator67,0e50ea14c4fc1353_Vehicle registration plate_11,0e50ea14c4fc1353_Vehicle registration plate_11_annotator67
2,"[1, 0, 0, 0, 0, 0]",1,"[0, 1, 0, 0, 0, 0, 0]","[1, 0, 0, 0, 0, 0, 0]",33,0,0,0,3,4,6,7,6,00c710176e9c2996.jpg,1,"[[54, 89, 686, 926]]",Person,0,768,1024,annotator67,00c710176e9c2996_Human body_2,00c710176e9c2996_Human body_2_annotator67
1,"[1, 0, 0, 0, 0, 1]",2,"[0, 1, 0, 0, 0, 0, 0]","[1, 0, 0, 0, 0, 0, 0]",33,0,0,0,3,4,6,7,6,0e50ea14c4fc1353.jpg,1,"[[116, 6, 762, 560], [862, 36, 43, 60]]",Others,0,1024,683,annotator67,0e50ea14c4fc1353_Car_3-4,0e50ea14c4fc1353_Car_3-4_annotator67
4,"[1, 0, 0, 0, 0, 0]",0,"[0, 1, 0, 0, 0, 0, 0]","[1, 0, 0, 0, 0, 0, 0]",33,0,0,0,3,4,6,7,6,00c710176e9c2996.jpg,1,"[[331, 91, 169, 206]]",Person,0,768,1024,annotator67,00c710176e9c2996_Human head_3,00c710176e9c2996_Human head_3_annotator67
8,"[1, 0, 0, 0, 0, 0]",3,"[0, 0, 1, 0, 0, 0, 0]","[1, 0, 0, 0, 0, 0, 0]",33,0,0,0,3,4,6,7,6,112708.jpg,0,"[[169, 169, 14, 9]]",Others,0,640,428,annotator67,112708_goggles_2,112708_goggles_2_annotator67
