category,informationType,informativeness,sharingOwner,sharingOthers,age,gender,frequency,platform,extraversion,agreeableness,conscientiousness,neuroticism,openness,imagePath,originalDataset,bbox,DIPACategory,nationality,width,height,AnnotatorId,ObjectId,ObjectAnnotatorId
6,"[1, 0, 0, 0, 0, 0]",5,"[0, 0, 0, 0, 1, 0, 0]","[0, 0, 0, 0, 1, 0, 0]",26,0,3,0,9,6,6,7,10,179504.jpg,0,"[[581, 125, 8, 6]]",Cigarettes,0,640,400,annotator257,179504_cigarette_1,179504_cigarette_1_annotator257
11,"[0, 1, 0, 0, 0, 0]",4,"[0, 0, 0, 0, 1, 0, 0]","[0, 0, 0, 0, 1, 0, 0]",26,0,3,0,9,6,6,7,10,145381.jpg,0,"[[0, 266, 639, 159], [433, 174, 206, 124]]",Others,0,640,426,annotator257,145381_tablecloth_22-23,145381_tablecloth_22-23_annotator257
4,"[1, 0, 0, 0, 0, 0]",6,"[0, 0, 0, 1, 0, 0, 0]","[0, 0, 0, 1, 0, 0, 0]",26,0,3,0,9,6,6,7,10,709340946095cf0d.jpg,1,"[[302, 259, 219, 380]]",Others,0,1024,768,annotator257,709340946095cf0d_Person_0,709340946095cf0d_Person_0_annotator257
10,"[1, 1, 1, 1, 1, 0]",6,"[1, 0, 0, 0, 0, 0, 0]","[1, 0, 0, 0, 0, 0, 0]",26,0,3,0,9,6,6,7,10,178192.jpg,0,"[[23, 250, 133, 129], [387, 165, 240, 200], [214, 183, 136, 99]]",Screen,0,640,480,annotator257,178192_monitor_(computer_equipment) computer_monitor_0-1-2,178192_monitor_(computer_equipment) computer_monitor_0-1-2_annotator257
2,"[1, 0, 0, 0, 0, 0]",5,"[0, 0, 1, 1, 0, 0, 0]","[0, 0, 1, 1, 0, 0, 0]",26,0,3,0,9,6,6,7,10,709340946095cf0d.jpg,1,"[[302, 259, 219, 380]]",Others,0,1024,768,annotator257,709340946095cf0d_Mammal_1,709340946095cf0d_Mammal_1_annotator257
8,"[1, 1, 0, 1, 1, 0]",6,"[1, 0, 0, 0, 0, 0, 0]","[1, 0, 0, 0, 0, 0, 0]",26,0,3,0,9,6,6,7,10,178192.jpg,0,"[[213, 183, 176, 143], [16, 243, 233, 188]]",Screen,0,640,480,annotator257,178192_laptop_computer_3-4,178192_laptop_computer_3-4_annotator257
1,"[1, 0, 0, 0, 0, 0]",6,"[1, 0, 0, 0, 0, 0, 0]","[1, 0, 0, 0, 0, 0, 0]",26,0,3,0,9,6,6,7,10,00575b9132bb3746.jpg,1,"[[200, 0, 222, 379], [382, 31, 551, 382], [382, 36, 548, 261]]",Person,0,1024,683,annotator257,00575b9132bb3746_Human body_7-8-9,00575b9132bb3746_Human body_7-8-9_annotator257
7,"[0, 1, 0, 1, 0, 0]",5,"[0, 1, 1, 1, 1, 0, 0]","[0, 1, 1, 1, 1, 0, 0]",26,0,3,0,9,6,6,7,10,115846.jpg,0,"[[36, 108, 181, 235]]",Others,0,640,480,annotator257,115846_glass_(drink_container)_1,115846_glass_(drink_container)_1_annotator257
