category,informationType,informativeness,sharingOwner,sharingOthers,age,gender,frequency,platform,extraversion,agreeableness,conscientiousness,neuroticism,openness,imagePath,originalDataset,bbox,DIPACategory,nationality,width,height,AnnotatorId,ObjectId,ObjectAnnotatorId
2,"[0, 1, 0, 0, 1, 0]",3,"[0, 1, 1, 1, 0, 0, 0]","[0, 1, 1, 0, 0, 0, 0]",48,0,1,0,3,6,6,5,8,2995bebb788ad1ba.jpg,1,"[[227, 236, 796, 531]]",Others,0,1024,768,annotator156,2995bebb788ad1ba_Medical equipment_0,2995bebb788ad1ba_Medical equipment_0_annotator156
7,"[0, 0, 0, 1, 0, 0]",1,"[0, 1, 1, 1, 1, 0, 0]","[0, 1, 1, 1, 1, 0, 0]",48,0,1,0,3,6,6,5,8,129397.jpg,0,"[[118, 444, 101, 95], [212, 510, 24, 8]]",Others,0,453,640,annotator156,129397_skateboard_0-1,129397_skateboard_0-1_annotator156
4,"[1, 0, 0, 0, 0, 0]",4,"[1, 0, 0, 0, 0, 0, 0]","[1, 0, 0, 0, 0, 0, 0]",48,0,1,0,3,6,6,5,8,0170ea8e1a33375a.jpg,1,"[[0, 89, 22, 16], [593, 433, 146, 98], [924, 120, 43, 27]]",Vehicle Plate,0,1024,683,annotator156,0170ea8e1a33375a_Vehicle registration plate_0-1-2,0170ea8e1a33375a_Vehicle registration plate_0-1-2_annotator156
8,"[1, 0, 0, 0, 0, 0]",4,"[0, 1, 1, 0, 0, 0, 0]","[0, 1, 0, 0, 0, 0, 0]",48,0,1,0,3,6,6,5,8,334609.jpg,0,"[[180, 145, 39, 12]]",Others,0,480,640,annotator156,334609_spectacles_0,334609_spectacles_0_annotator156
1,"[0, 0, 0, 1, 1, 0]",3,"[0, 1, 1, 1, 0, 0, 0]","[0, 1, 1, 1, 0, 0, 0]",48,0,1,0,3,6,6,5,8,2995bebb788ad1ba.jpg,1,"[[249, 304, 57, 198], [294, 332, 284, 156]]",Others,0,1024,768,annotator156,2995bebb788ad1ba_Desk_1-2,2995bebb788ad1ba_Desk_1-2_annotator156
5,"[0, 0, 0, 1, 0, 0]",4,"[0, 1, 0, 0, 0, 0, 0]","[0, 1, 0, 0, 0, 0, 0]",48,0,1,0,3,6,6,5,8,0f399ca1789c8087.jpg,1,"[[24, 69, 288, 106], [26, 177, 286, 108], [28, 286, 284, 107], [24, 392, 290, 106], [26, 496, 289, 113]]",Others,0,640,640,annotator156,0f399ca1789c8087_identity_0-1-2-3-4,0f399ca1789c8087_identity_0-1-2-3-4_annotator156
